5.455699999999999994e-01,1.319955557067456597e+00,7.867183116992257919e-01,3.147647665219318602e-01
8.682199999999998807e-01,2.773419923167788070e+00,9.610080362674651155e-01,7.621571789624854709e-01
8.401999999999999469e-01,1.033386548952924588e+00,1.436083311632018633e+00,6.435721885541579868e-01
1.164979999999999905e+00,3.208861002681000496e+00,2.935991145045500961e+00,2.100106636074599020e+00
8.224299999999998834e-01,1.048463652276083291e+00,1.188105263243165011e+00,1.164552518696416072e+00
1.169960000000000111e+00,5.858438986773040202e-01,1.591050344553848472e-01,7.269856457571248487e-02
6.944799999999999862e-01,1.095776458567158107e+00,1.739877585471372445e-01,3.977089571709060967e-02
1.074419999999999931e+00,2.747399634582509798e+00,9.327264936129590067e-01,4.715962831309234438e-01
7.175500000000000211e-01,9.109266669558346852e-01,1.070190065919974787e+00,4.446075704578504872e-01
1.063220000000000054e+00,7.890556440280784845e-01,1.226404395034461636e-01,4.319720490693650106e-02
9.259399999999999853e-01,1.471974016923492945e+00,1.708650431698186090e+00,1.337055201520181313e+00
5.372099999999999653e-01,1.373699817291254899e+00,4.663632468064795034e-01,2.357981415654617219e-01
1.089520000000000044e+00,4.619072003196905918e+00,6.660338064445238127e-01,4.024203295985239182e-01
7.275800000000000045e-01,2.183619771629356610e+00,1.460881543542147609e+00,7.238982012340983152e-01
1.003400000000000070e+00,1.930770174273199080e+00,1.114742840944738189e+00,5.789468607323353666e-01
9.214099999999999513e-01,7.614058163547973157e-01,1.068801938188035594e+00,2.337421237045081146e-01
8.903799999999999493e-01,1.636479089049307056e+00,1.171820020604350532e+00,5.503245102086202767e-01
9.713199999999999612e-01,3.804221544846680292e+00,1.982064614067322372e+00,1.677257818362536401e+00
8.213300000000000045e-01,1.892086070484348070e+00,1.577495003107549421e+00,1.519468567423208016e+00
1.091139999999999999e+00,2.639911114134913195e+00,1.573436623398451584e+00,6.295295330438637205e-01
9.080200000000000493e-01,1.137243506610763566e+00,1.470016686354162383e+00,6.910995793255049202e-01
5.956500000000000128e-01,8.793751908283604646e-01,3.217181616449069637e-01,8.140397392694413703e-02
1.070659999999999945e+00,2.154108049986268369e+00,2.117340328568581231e+00,1.519489403165405150e+00
7.943599999999999550e-01,1.345735999941266359e+00,1.193574864194383300e+00,4.444687538504535906e-01
1.152579999999999938e+00,1.728183345226801171e+00,3.533089563816779188e-01,1.068322833931481114e-01
7.790799999999999947e-01,1.567277254673341114e+00,4.541852410423962150e-01,2.043970445209947473e-01
8.210800000000001431e-01,8.781488312599722290e-01,1.621189447207592726e-01,4.915236950991111464e-02
1.027400000000000091e+00,2.352840465669595815e+00,4.478744334761631252e-01,2.763593021396304472e-01
1.012019999999999920e+00,2.265364453220390484e+00,1.373902520530382532e+00,5.853989918138361448e-01
8.664300000000000335e-01,1.448156036880589692e+00,3.990270605918280200e-01,3.154297870551587279e-01
7.550000000000000044e-01,1.724050142645960904e+00,3.840471369191507667e-01,1.545198375473534336e-01
6.020100000000000451e-01,1.200252840234321328e+00,7.061975545731369319e-01,1.665180102751342428e-01
1.122200000000000086e+00,1.899893047801823442e+00,6.510995451422879610e-01,2.021535096729689118e-01
8.346500000000000030e-01,1.713814602062540271e-01,1.303096859713989419e-01,5.020752220815058453e-02
1.112279999999999935e+00,2.521901131159978604e+00,2.928757570751456818e-01,1.157528747208184938e-01
8.779799999999999827e-01,1.809983880286044400e+00,1.318404356769599994e+00,8.716574964395670255e-01
9.771000000000000796e-01,1.610177123484819894e+00,1.347687674919623824e+00,9.333635853187286502e-01
1.098459999999999992e+00,1.897880954259851150e+00,2.892206390639873725e-01,1.158991886059392712e-01
7.578000000000000291e-01,1.498938996779742627e+00,3.451427572743764327e-01,2.204630677402182604e-01
1.101920000000000011e+00,5.873551974161392408e+00,1.982469863072752858e+00,1.004247161757971574e+00
7.378200000000000314e-01,8.016577345345664574e-01,3.453076748809530416e-01,1.710662680650956169e-01
8.663399999999999990e-01,1.989344472421411547e+00,1.344127234552647598e+00,3.813326923625000586e-01
5.904000000000000359e-01,1.504681891714669151e+00,1.034646287443408363e+00,7.945138707156766955e-01
8.831799999999999651e-01,1.779820546844764984e+00,1.017598601465106833e+00,3.558639869426599156e-01
1.038259999999999961e+00,1.943010560153497934e+00,1.075951880247732140e+00,8.267735694406433966e-01
7.897999999999999465e-01,7.644510430413330448e-01,2.526327376846080330e-01,1.011577452994547599e-01
1.388300000000000090e+00,1.052547423085589795e+00,8.432063445572678395e-01,4.512781191244201739e-01
1.493519999999999959e+00,3.438311847081071182e+00,3.488057560736008256e+00,2.943536175066287619e+00
1.759625000000000217e+00,3.734372183594354411e+00,2.557157887837008481e+00,1.015000929421814746e+00
1.328529999999999989e+00,4.453948201099746207e+00,2.017873801140327217e+00,7.948145557097230363e-01
1.693089999999999762e+00,1.579455533486854080e+00,1.081456192269767191e+00,4.922820315826095250e-01
1.181284999999999918e+00,2.188008184965789304e+00,2.178051059993035832e+00,2.313497681741524037e+00
1.300669999999999993e+00,1.833699092590173718e+00,2.695384480500102597e+00,3.597223586395280392e+00
6.046799999999999953e-01,1.622423740953910620e+00,5.034848945999162995e-01,2.987611155937901497e-01
1.699809999999999821e+00,6.657387703481688845e+00,3.468613074617815428e+00,2.935201182134438369e+00
1.281665000000000054e+00,2.804046729552130301e+00,1.717292217316142677e+00,6.635589012893410299e-01
1.906660000000000244e+00,8.083376005594583802e+00,1.165559161277916811e+00,7.042355767974168845e-01
1.436679999999999957e+00,3.023058086838280367e+00,2.340313340300595346e+00,2.124684524837030519e+00
1.457680000000000087e+00,2.702475005110563266e+00,2.438783882760126698e+00,6.157238842009654656e-01
1.771034999999999915e+00,3.964387793135681903e+00,2.404329410928170763e+00,1.024448235674213503e+00
1.288734999999999964e+00,3.825527480287522764e+00,9.811102104792113199e-01,5.478088684446756895e-01
1.857764999999999889e+00,1.236557013695474661e+00,6.835797346543552866e-01,2.221702203212851112e-01
1.194374999999999964e+00,2.136699447002816221e+00,1.490810193364330516e+00,4.411777638498205478e-01
6.935900000000000398e-01,1.147084369000541670e+00,1.344965626414363902e+00,8.277082570087291868e-01
1.428839999999999888e+00,3.274794112459304074e+00,3.080362865355873225e+00,1.922962881982095640e+00
1.372524999999999995e+00,4.035538794868973156e+00,2.907153073991770142e+00,2.209375694999328843e+00
1.442034999999999956e+00,4.245681725951705232e+00,5.242037988571555118e-01,2.338939327191920103e-01
1.408365000000000089e+00,2.117200467048197421e+00,1.333964352305333945e+00,1.202549359907323812e+00
1.331259999999999888e+00,3.126264458938983637e+00,2.291574787189244233e+00,1.274637886168707546e+00
2.017014999999999780e+00,3.024320854146899773e+00,6.182906736679364412e-01,1.869564959380091429e-01
1.256780000000000008e+00,1.951148585267104885e+00,3.776160848053999874e-01,1.064803633669269278e-01
1.698375000000000190e+00,3.478727712105829095e+00,2.532295471574091739e+00,1.912355106145980699e+00
1.291185000000000027e+00,1.402901035435491384e+00,6.042884310416676286e-01,2.993659691139174406e-01
6.732799999999999896e-01,1.263838455102854086e+00,1.286101117704385732e-01,4.982517357376697875e-02
1.503284999999999982e+00,1.630612903728643648e+00,1.433479494670134580e+00,7.351148026023459625e-01
1.240609999999999991e+00,4.081738859276317299e+00,2.350666570156291435e+00,6.716227516459544189e-01
1.555365000000000109e+00,2.723906717904009067e+00,1.735735476524675747e+00,6.422223573188283741e-01
1.398320000000000007e+00,1.890669325309743964e+00,8.959972815045004202e-01,7.020762575736563260e-01
2.117674999999999752e+00,3.043553861902410507e+00,1.062037628052596938e+00,3.947261575954258417e-01
1.195180000000000131e+00,3.361513802470747603e+00,6.498763810990001444e-01,5.508533101359922579e-01
1.400910000000000100e+00,7.270715695207926599e-01,2.645781691463979790e-01,2.199541373676901779e-01
1.434544999999999959e+00,1.808343259424813887e+00,2.991652372700073781e-01,8.406832322011013880e-02
1.428420000000000023e+00,2.810846595174035123e+00,1.264703863917610249e+00,3.514931250406101437e-01
6.506699999999999706e-01,1.753049047651093595e+00,7.614325635971035400e-01,5.217394940154861382e-01
1.363670000000000160e+00,3.424276114496271894e+00,2.778586622429070729e+00,8.471960477483989616e-01
1.203824999999999923e+00,1.934569855664843407e+00,2.091370494412486458e+00,7.790939779030511270e-01
2.070775000000000254e+00,3.707012155747991144e+00,5.069139332460474101e+00,3.494297662791364001e+00
1.473360000000000003e+00,5.078580982944285616e+00,1.709177897284384295e+00,1.388606251146422776e+00
1.860635000000000261e+00,1.380847377049137625e+00,2.146207691310305921e-01,7.559510858713872072e-02
1.273930000000000007e+00,4.222950013760172538e+00,1.507064215760894221e+00,8.497579927659468790e-01
4.859049999999999869e+00,3.683915980799568057e+00,2.951222205950439381e+00,1.579473416935469388e+00
1.210370000000000168e+00,2.149466095498399731e+00,1.495446310716004312e+00,9.264373705863457875e-01
1.192764999999999853e+00,2.313028708812497225e+00,1.077169431808039812e+00,6.701111342626853151e-01
2.526124999999999954e+00,3.178534809399913730e+00,3.735227687379786055e+00,1.520661646303024916e+00
5.883699999999999486e-01,1.172166670707076586e+00,1.292500523511366017e+00,4.284367602113597351e-01
1.480499999999999927e+00,5.059811363229834491e+00,2.298889411975368446e+00,9.539469687440885748e-01
1.382149999999999990e+00,1.337789325322332079e+00,4.421072909480641688e-01,1.770260542740457743e-01
1.317504999999999926e+00,3.045516247984805247e+00,1.155558826161650954e+00,1.329822832140293842e+00
1.928360000000000074e+00,1.027871595478243982e+01,3.469322260377318834e+00,1.757432533076451309e+00
1.237249999999999961e+00,2.221651925404612982e+00,1.690367037232322289e+00,1.250219352017310381e+00
1.512804999999999955e+00,2.944300152829824935e+00,1.298213425777940744e+00,3.761811551674582588e-01
1.364580000000000126e+00,2.368418741517521298e+00,6.017434718950582795e-01,2.630312509379942876e-01
1.404409999999999936e+00,4.654414787207100446e+00,1.907658310249114475e+00,8.098900310182040041e-01
1.880234999999999657e+00,4.807949360519391035e+00,1.632271363822679122e+00,8.252934954791157907e-01
1.264550000000000063e+00,1.758628568793060065e+00,6.703877623555068999e-01,3.747546530990919500e-01
5.777499999999999858e-01,1.478479396611470098e-01,4.534586041595804057e-02,1.797693960196334109e-02
5.492299999999999960e-01,9.489404771299255748e-01,1.446103195319936863e-01,5.794959430296963560e-02
2.780259999999999732e+00,4.710075999794428370e+00,4.177512024680341440e+00,1.555640638476585957e+00
1.272145000000000081e+00,1.896782321406449867e+00,2.513619752253115180e+00,2.107973106609564606e+00
1.436890000000000001e+00,1.536760454704950707e+00,2.837081532613283108e-01,8.601664664234458246e-02
1.381415000000000060e+00,1.385621358577191264e+00,3.496941527044589160e-01,9.443377581329115422e-02
1.922304999999999930e+00,3.321291669954737458e+00,5.061361183619781379e-01,2.028235800603941097e-01
1.327865000000000073e+00,5.144688546783395822e+00,4.319998935779018057e-01,1.541183882768671076e-01
4.471399999999999819e-01,9.552941376888313130e-01,4.916144628560393248e-01,1.983985467479217057e-01
4.757599999999999607e-01,1.039795717240829642e+00,1.110882066802124424e+00,5.400865737684259482e-01
4.797900000000000498e-01,9.816536308163686941e-01,1.092940140564122364e+00,4.972845266781082407e-01
4.814800000000000191e-01,1.511067316016910134e+00,2.907483451505856187e-01,1.214252018440005465e-01
4.120100000000000429e-01,1.213051921700486924e+00,1.497725139591871701e-01,6.682683791976908039e-02
3.895399999999999974e-01,7.836386273366705568e-01,2.270926205211981075e-01,1.021985222604973736e-01
4.295100000000000029e-01,4.658894010653266138e-01,4.095655699057527133e-01,2.100328007435273980e-01
4.209600000000000009e-01,1.451023137984081668e+00,4.883365420812529889e-01,3.967446431846921584e-01
4.904399999999999871e-01,4.235873322900096660e-01,2.375907641193192310e-01,1.100835166622176342e-01
3.751200000000000090e-01,3.307962623062470353e-01,6.524932159535234977e-02,1.743081285598470365e-02
5.353299999999999725e-01,1.077054024993134185e+00,1.058670164284290616e+00,7.597447015827025751e-01
4.229999999999999871e-01,1.445660389494239029e+00,6.568255462786765086e-01,2.725562767840251088e-01
3.747900000000000120e-01,1.037746867222196556e+00,2.788266701626073152e-01,1.740541495369062330e-01
4.837400000000000033e-01,4.512730095676727449e-01,3.089874835056477531e-01,1.406520090236028642e-01
4.952199999999999935e-01,3.316336403107701947e-01,5.809816946116064945e-02,1.941003371186560827e-02
3.795799999999999730e-01,1.272556628885642027e+00,5.765353717543790779e-01,2.270898730599208437e-01
4.322299999999999476e-01,8.412286150942351881e-01,3.709181216508402601e-01,1.074803300478452128e-01
3.785499999999999976e-01,1.093721879780511941e+00,6.730634474183609939e-01,6.809384063339439797e-01
4.267199999999999882e-01,9.823748134517350517e-01,9.965878744960027236e-01,8.410103357332238128e-01
5.316100000000000270e-01,3.945278220140392422e-01,6.132021975172308181e-02,2.159860245346825053e-02
4.885500000000000398e-01,8.050885617424099472e-01,6.738438374598119118e-01,4.666817926593643251e-01
6.114100000000000090e-01,1.185576510928499472e+00,1.567325618906609597e+00,1.134507737218682033e+00
2.649099999999999788e-01,4.744580823611257436e-01,2.926583034351600277e-01,1.184571852093486005e-01
2.325099999999999667e-01,3.274554562832296956e-01,2.292033840387051047e-01,1.242922800819418611e-01
2.197499999999999731e-01,7.033637398327048373e-01,4.658876249052520957e-01,2.914375160129701325e-01
2.318000000000000338e-01,2.055701142293145656e-01,5.346061942373862147e-02,1.959076774494138834e-02
2.270399999999999641e-01,2.491728226623985132e-01,4.351415276625197892e-02,1.186833519282877274e-02
2.400700000000000056e-01,5.543866664547529854e-01,5.601703918808967897e-01,2.952136857567667083e-01
2.789900000000000158e-01,1.102878166321962505e-01,6.931410115321746945e-02,5.227927298524007171e-02
2.836099999999999732e-01,4.028378278824112924e-01,5.014216730491910523e-02,3.867838333970421288e-02
2.257400000000000240e-01,7.184255947331933401e-01,3.091789481251135396e-01,9.972569336975972698e-02
2.584600000000000231e-01,3.693362920389623993e-01,1.555653010115718993e-01,6.667615708327680191e-02
5.509600000000000053e-01,2.936775987080696204e+00,9.912349315363764291e-01,5.021235808789857868e-01
2.388200000000000323e-01,5.201295887136624385e-01,3.464272438647246211e-01,1.044565785078946790e-01
2.611600000000000033e-01,5.104583052721834990e-01,1.038980201088615940e-01,2.078696841781539281e-02
2.756299999999999861e-01,1.962914796715659049e-01,8.733714454729932242e-02,6.081581142690900554e-02
3.292999999999999816e-01,4.921054665633339820e-01,6.669246019780548096e-01,1.689634957622384304e-01
2.638099999999999890e-01,7.448348697726515644e-01,6.031526360942901510e-01,5.606825977605849332e-01
2.736299999999999844e-01,6.406718872249217434e-01,5.386367775845760653e-01,6.850787494187231541e-01
2.545000000000000040e-01,6.194166833259145966e-01,2.612729378490575849e-01,1.025296149887402197e-01
2.119199999999999973e-01,5.121178939119970241e-01,7.341326288813113665e-01,2.277819096639156771e-01
3.375099999999999767e-01,6.251451957045105479e-01,6.223003028551526983e-01,6.609993376404353915e-01
2.497100000000000153e-01,2.242957024550276957e-01,3.679165822865605034e-02,1.583055990696704066e-02
6.641299999999999981e-01,9.053280110645430812e-01,2.136238840703564013e-01,6.589152587322411048e-02
1.021800000000000069e-01,6.804876830661059361e-02,2.745604592883740813e-02,6.647389625343691835e-03
6.902700000000000502e-02,3.219343021739044797e-02,2.710225298519023177e-02,7.325454921704990449e-03
1.518700000000000050e-01,1.512764821558729433e-01,4.267807100421388417e-02,2.358350497070409169e-02
1.312800000000000078e-01,4.494314536386230796e-01,2.058118205349734053e-01,1.735980813552115698e-01
7.028600000000000125e-02,1.277845184666256406e-01,7.163635568356244154e-02,8.039139075620939379e-02
6.766300000000000092e-02,2.074798424341073588e-01,1.046480996624763876e-01,7.883725580737510619e-02
1.622500000000000053e-01,3.092379472125969531e-01,3.634282153919455305e-01,2.232925575737750301e-01
6.039800000000000030e-02,7.211824452176916755e-02,2.630834032658440833e-02,1.354937237619167553e-02
1.247700000000000059e-01,3.531829162240295861e-01,3.462261024682594113e-01,1.752364737771720249e-01
9.949500000000000011e-02,1.731111561332425719e-01,9.903385738682496386e-02,3.399804068886865677e-02
5.633899999999999464e-01,2.696834822026102918e-01,1.024695443785416382e-01,4.894433757485936592e-02
5.322000000000001035e-02,9.296166577324538327e-02,1.421997733988562829e-01,4.553097065994423515e-02
9.811599999999999488e-02,2.686863138162499109e-01,2.092896059906249329e-01,1.792898736223899614e-01
5.385700000000000209e-02,1.037819062110845458e-01,2.545653389993444982e-02,1.973436838342846472e-02
1.988699999999999912e-01,2.646305790060943797e-01,1.931909621489219520e-01,1.122780620268883228e-01
9.596100000000000463e-02,1.549762595637747820e-01,7.481035511134888349e-02,2.050826731949316473e-02
1.140200000000000102e-01,3.328768743320526524e-01,1.239231621004367179e-01,2.967615907516530510e-02
1.474499999999999977e-01,9.262578129987965314e-02,6.302974753638254657e-02,2.713057105562716176e-02
1.242599999999999816e-01,2.648711143232437282e-01,7.513726010742921568e-02,7.659706392957006671e-02
5.537100000000000355e-02,3.422835010099781194e-02,1.754009264034854521e-02,5.056051319969666856e-03
8.757900000000000407e-02,2.673956782368099305e-01,1.796489174671751232e-01,3.831051860902696254e-02
6.082600000000000229e-01,1.483264849785255635e+00,1.036438549216176508e+00,7.993925144005867844e-01
9.056400000000001116e-01,2.318174310166891239e+00,4.736315088323610478e-01,1.401985312498796321e-01
8.644599999999998952e-01,1.682457230188470376e+00,7.418362433016805202e-01,2.149606600956904257e-01
1.029099999999999904e+00,3.304275530283556250e+00,4.021424043953042426e-01,2.300598254585501656e-01
7.747699999999999587e-01,2.191321970260876384e+00,1.873570536755565730e+00,4.499223338223838908e-01
1.063439999999999941e+00,1.378030111646850964e+00,1.208704761144075546e+00,3.570828632805689296e-01
7.570999999999999952e-01,2.187443759561023882e+00,1.346126894836721988e+00,1.361876812667887959e+00
8.240200000000000857e-01,2.426103843400973847e+00,2.995450279183743403e-01,1.336536758395381608e-01
1.018680000000000030e+00,2.575959384286230947e+00,1.705931012696284332e+00,6.145627939479135771e-01
7.217500000000000027e-01,9.081528026856888758e-01,1.067207910679938587e+00,4.344747560865779845e-01
1.082699999999999996e+00,1.212699966217447356e+00,9.308964676579236652e-01,2.714408507619232580e-01
6.017400000000000526e-01,9.102884093454890468e-01,7.592191204031023544e-01,3.666486684549801200e-01
9.069800000000000084e-01,1.498610560641486567e+00,8.246074875459127318e-01,3.801187807604083924e-01
8.672799999999999399e-01,1.831431572280931785e+00,4.772099939257379853e-01,2.279914023257456623e-01
1.061579999999999968e+00,7.066040078259856472e-01,3.906169912310605841e-01,1.269544116121627542e-01
7.325099999999999945e-01,1.992964669591708926e+00,6.808135066533422819e-01,2.085801097714975738e-01
1.176739999999999897e+00,2.344333341414153171e+00,2.585001047022732035e+00,8.568735204227194702e-01
7.204899999999999638e-01,1.512474645926772832e+00,1.248058525697901100e+00,4.323285278472452364e-01
9.700699999999999878e-01,2.318377243615838523e+00,4.706160074366418922e-01,1.362644050892240499e-01
9.045000000000000817e-01,2.132929599056606396e+00,3.311099949007967891e-01,1.074194704112667598e-01
8.918000000000000371e-01,1.987843163181456374e+00,8.094009520211915554e-01,9.025086763391670930e-01
5.447600000000000220e-01,2.309536001598452959e+00,3.330169032222619063e-01,2.012101647992619591e-01
