Typology,Median_DS1,Median_DS2,Median_DS3,Median_DS4,Beta
CR_LDUAL-DUH_H1,1.388092683636863,2.212655106144406,2.734727123431095,3.122533148356013,0.3594254642489141
CR_LDUAL-DUH_H10,1.562092184354003,2.442408675354285,3.424877903429426,4.400867402806364,0.9313288081299571
CR_LDUAL-DUH_H11,1.99185770238518,2.948328257746861,4.051895544068065,5.16600464413748,1.028303465994909
CR_LDUAL-DUH_H12,2.050235814109291,3.067908264451656,4.252940631100361,5.458102463088388,1.026932071573035
CR_LDUAL-DUH_H2,0.7294191431789244,1.40553493266355,1.85677235915963,2.204783064568657,0.3938026770940671
CR_LDUAL-DUH_H3,0.6192643726816457,1.257308169193928,1.746799577052217,2.148248500940599,0.4661408985911903
CR_LDUAL-DUH_H4,0.5978854398810663,1.207179751219804,1.713086747053271,2.143354867267314,0.5252801383963444
CR_LDUAL-DUH_H5,0.6301845720606779,1.303051429205491,1.908909863674924,2.446325010351967,0.6256171420134222
CR_LDUAL-DUH_H6,0.7051031690371254,1.396509391312057,2.059230317959087,2.666185964221699,0.6842884207399067
CR_LDUAL-DUH_H7,0.8345732230644047,1.61414336587884,2.411001421285111,3.167911366833752,0.7739345538502109
CR_LDUAL-DUH_H8,0.9979662291420184,1.848365760104518,2.768768466521668,3.673180934752179,0.8447596283653486
CR_LDUAL-DUH_H9,1.260416275077653,2.149870591694734,3.132857294747306,4.108551146306493,0.9070693198819696
CR_LDUAL-DUL_H1,0.662812084274233,1.110010762577608,1.367997005654003,1.554485989629426,0.3905474117067799
CR_LDUAL-DUL_H10,0.7979623174763735,1.344074823444726,1.954321560616943,2.564073799308769,1.092313910732458
CR_LDUAL-DUL_H11,0.9721854268422433,1.534377455000911,2.174615098771966,2.819677282441834,1.140799612731492
CR_LDUAL-DUL_H12,0.9988282337073549,1.585015869874936,2.255150460415853,2.932358319181068,1.170504788305103
CR_LDUAL-DUL_H2,0.3465871600353826,0.7905847275657555,1.090528508818672,1.325801895264191,0.5063127079357376
CR_LDUAL-DUL_H3,0.3067781674918921,0.7621550263282802,1.117052741701774,1.413531390068334,0.5997889004055096
CR_LDUAL-DUL_H4,0.3182686762282373,0.76329282911147,1.137818467613009,1.461244109222936,0.6995904476222484
CR_LDUAL-DUL_H5,0.3352395352069179,0.7653519335116981,1.150086772330594,1.491688927037179,0.8107463973164561
CR_LDUAL-DUL_H6,0.3675580556007421,0.8079584317546997,1.229710672664579,1.617354175966355,0.8869722221628309
CR_LDUAL-DUL_H7,0.4392184554702258,0.8994237847532116,1.36382648950094,1.802471341148774,0.9526978968721905
CR_LDUAL-DUL_H8,0.5212229281035229,1.0239942166788,1.55874787452446,2.079462792440875,1.025393827886073
CR_LDUAL-DUL_H9,0.6261354976275457,1.152325424202687,1.731943625466818,2.307858856709419,1.073171388113927
CR_LDUAL-DUM_H1,0.9844292541328155,1.60895872744095,1.990509820548894,2.270987505666893,0.3649700006993551
CR_LDUAL-DUM_H10,1.11278613605685,1.887362069752579,2.753586667670054,3.619886576927742,1.045318206149856
CR_LDUAL-DUM_H11,1.386537186651273,2.193298460982015,3.115323235078762,4.046699146927343,1.080118830475969
CR_LDUAL-DUM_H12,1.462579458756188,2.355998108143564,3.39328421266572,4.453657502644443,1.115083267957636
CR_LDUAL-DUM_H2,0.5139489498737783,1.072039446584,1.442381700413493,1.729121795304478,0.440235925089875
CR_LDUAL-DUM_H3,0.4573631075088122,1.004766560199752,1.4196943951079,1.759857826956787,0.5148057726391132
CR_LDUAL-DUM_H4,0.4371979495523486,1.005464999953439,1.487802009540249,1.90520975684505,0.6394175040420261
CR_LDUAL-DUM_H5,0.479521531681511,1.064989515994337,1.58744153582707,2.050203902284264,0.706252954843221
CR_LDUAL-DUM_H6,0.5223388801230633,1.137621401642882,1.72658818370898,2.267618387524494,0.786493098672822
CR_LDUAL-DUM_H7,0.6081496514470685,1.235093373136659,1.858092248758347,2.441106726037463,0.8262454661490456
CR_LDUAL-DUM_H8,0.7258317123805941,1.407618165361296,2.122867942208919,2.813140861642205,0.9190912900157682
CR_LDUAL-DUM_H9,0.8769163918026927,1.61572033786444,2.428302293539559,3.234954307883509,0.9879223269451547
CR_LFINF-CDH-0_H1,1.345491891679361,3.218407218966994,5.030098395011045,6.708921086283834,0.4938661559745421
CR_LFINF-CDH-0_H2,0.6584433351883491,1.384634587673094,2.094090820073055,2.752422545004738,0.7792943183754633
CR_LFINF-CDH-0_H3,0.5847269764185322,1.382355295439927,2.287392765604898,3.20799514310704,1.135555480685928
CR_LFINF-CDH-0_H4,0.6499893300692127,1.419343620878997,2.277278678514126,3.139812654858111,1.211456558697154
CR_LFINF-CDH-0_H5,0.6602139865140199,1.520696197789578,2.54389599861389,3.616547461135811,1.349821928566845
CR_LFINF-CDH-0_H6,0.8345476676632813,1.921263631372955,3.281125699162479,4.756628396868743,1.478771843621463
CR_LFINF-CDH-10_H1,1.345491891679361,3.218407218966994,5.030098395011045,6.708921086283834,0.4938661559745421
CR_LFINF-CDH-10_H2,0.6587869966061383,1.393516262589002,2.106086859610499,2.764729617927185,0.7744751892535957
CR_LFINF-CDH-10_H3,0.6105031303926477,1.507710102660211,2.523752559255553,3.556199126696367,1.126664731155461
CR_LFINF-CDH-10_H4,0.6981076618748495,1.704112871964017,2.856367890957224,4.035563399041759,1.198480532275156
CR_LFINF-CDH-10_H5,0.8000933162183583,2.053749555892419,3.549225860617617,5.119648517630898,1.276238139770291
CR_LFINF-CDH-10_H6,1.015161890517442,3.175035404576632,6.139944465812698,9.544697353045576,1.507853979974348
CR_LFINF-CDH-15_H1,1.346808291964754,3.221737803907894,5.035449282093801,6.716182990789763,0.4937521422759431
CR_LFINF-CDH-15_H2,0.6641907748739455,1.494667585080044,2.319813001696768,3.094521018796439,0.791486839803221
CR_LFINF-CDH-15_H3,0.6663640598029468,1.77212881101015,3.007496185682843,4.252835358548452,1.095354719350163
CR_LFINF-CDH-15_H4,0.8142278563702733,2.492833174668176,4.54554709399054,6.731674068224678,1.223081660716948
CR_LFINF-CDH-15_H5,1.007991648447004,3.227377682565201,6.086504175168311,9.231732990546154,1.256852749527711
CR_LFINF-CDH-15_H6,1.226970015823549,4.579495793213569,9.446380967038316,15.21487913105539,1.44391689007499
CR_LFINF-CDH-20_H1,1.358669343801627,3.274207498044049,5.142326721666096,6.881449799284308,0.4971596721103795
CR_LFINF-CDH-20_H2,0.7061037521606964,1.694629521464792,2.678419353519139,3.604475284556784,0.7609153613273466
CR_LFINF-CDH-20_H3,0.782582975144555,2.176551965829505,3.758689812660124,5.36899865732501,1.001641690273192
CR_LFINF-CDH-20_H4,0.951616917911565,2.964122502778124,5.509586813385504,8.27835231519849,1.135559846973222
CR_LFINF-CDH-20_H5,1.084601746275825,3.422998606891684,6.429788773640322,9.734513664186096,1.123836654791702
CR_LFINF-CDH-20_H6,1.218593403695796,4.47360274759799,9.058426868423153,14.38633728395762,1.258125224093386
CR_LFINF-CDH-25_H1,1.367936462747454,3.320589935285232,5.234766614027347,7.022211959759296,0.4972648632724155
CR_LFINF-CDH-25_H2,0.758293754697949,1.821676264945458,2.888872267120268,3.898186787380594,0.7455527142194677
CR_LFINF-CDH-25_H3,0.8769024616940374,2.426122266901847,4.196349562719115,6.005470835036833,0.934263499368723
CR_LFINF-CDH-25_H4,1.019534439392673,3.180584656868508,5.909265092593055,8.874035408861651,1.054512453775917
CR_LFINF-CDH-25_H5,1.141327810818958,3.723736024594142,7.095745623275374,10.83623803124673,1.089782051956952
CR_LFINF-CDH-25_H6,1.205065559490363,4.237247739547618,8.348261254985799,13.01266671086962,1.156430143793718
CR_LFINF-CDH-30_H1,1.369991291479145,3.342714751100781,5.277352262240209,7.084552529845187,0.4878476356732555
CR_LFINF-CDH-30_H2,0.8061862687495293,1.904741483409011,2.998449262264652,4.027790827352397,0.7059290918721051
CR_LFINF-CDH-30_H3,0.9293826841858389,2.610451133707086,4.547951937085475,6.538428753303897,0.9051782690319202
CR_LFINF-CDH-30_H4,1.104479032222747,3.445172870320227,6.417372121817564,9.658437252374801,1.018855398260539
CR_LFINF-CDH-30_H5,1.204254666577991,4.11246398839852,8.042368957903376,12.4953845402466,1.079800748068725
CR_LFINF-CDH-30_H6,1.311425415881886,4.496298539018738,8.805033657511814,13.69052432211031,1.109622380584357
CR_LFINF-CDH-5_H1,1.345491891679361,3.218407218966994,5.030098395011045,6.708921086283834,0.4938661559745421
CR_LFINF-CDH-5_H2,0.6584433351883491,1.384634587673094,2.094103593546444,2.752447325697977,0.7792943183754633
CR_LFINF-CDH-5_H3,0.5848901416839923,1.386787326479245,2.296416400318622,3.221510305654574,1.135850205392261
CR_LFINF-CDH-5_H4,0.6530452343512705,1.438309556473541,2.320140149023032,3.210728518033291,1.210506189513955
CR_LFINF-CDH-5_H5,0.6858596910252328,1.568752636755962,2.629332141533849,3.74871570028416,1.347177742211204
CR_LFINF-CDH-5_H6,0.8214906915052573,1.880139038945459,3.212871652683122,4.665004115717688,1.468640924695853
CR_LFINF-CDL-0_H1,0.5647108640044233,0.7392830338267885,0.9167297933271791,1.079356334047236,0.8422089977645251
CR_LFINF-CDL-0_H2,0.3610205538942847,0.4978102224594917,0.6424651071497939,0.7793726904812942,1.199620986272675
CR_LFINF-CDL-0_H3,0.3017502916803657,0.4283607068055629,0.5679197639248894,0.7040233421496014,1.364127034800915
CR_LFINF-CDL-0_H4,0.3373238758686763,0.4654549309090208,0.6093805146786393,0.7507113532653037,1.524412494624813
CR_LFINF-CDL-0_H5,0.3972638374352226,0.5346207418120716,0.687096317690426,0.8350502703270715,1.481631581168618
CR_LFINF-CDL-0_H6,0.440589611387188,0.6260758914857348,0.8342027345581227,1.039433543592699,1.510924586290884
CR_LFINF-CDL-10_H1,0.5892100416908665,0.7546906063083006,0.9238043746129608,1.078631788838319,0.850548475316597
CR_LFINF-CDL-10_H2,0.3544147425286701,0.4912863055106648,0.639160792889403,0.7810588097399265,1.215913861630031
CR_LFINF-CDL-10_H3,0.3125400997419795,0.4481041602919572,0.5972261565406578,0.7426516077783254,1.309645500278586
CR_LFINF-CDL-10_H4,0.3332718648362946,0.447275008078432,0.5715166207293815,0.6907109444849199,1.343339324479148
CR_LFINF-CDL-10_H5,0.3189217014019659,0.4291499666373883,0.5501782903119884,0.6668541351193116,1.40790011574036
CR_LFINF-CDL-10_H6,0.3388928345939157,0.4520794324577881,0.5785573135233352,0.7015203426639391,1.527360673416265
CR_LFINF-CDL-15_H1,0.5712406621368074,0.7544409342068545,0.9399015310133015,1.109733445487255,0.8425934800211827
CR_LFINF-CDL-15_H2,0.3605924338926323,0.5147073471012102,0.6760341650544857,0.8284699584895704,1.177302149044247
CR_LFINF-CDL-15_H3,0.3325158128998991,0.4855448830907436,0.6478680837933988,0.8029104941701757,1.218203827097238
CR_LFINF-CDL-15_H4,0.3019079660179722,0.429430675839885,0.5695034894125341,0.70582570011389,1.335712492148462
CR_LFINF-CDL-15_H5,0.2945042184763818,0.4089893168798118,0.534191349229587,0.6552895045798884,1.361930698800766
CR_LFINF-CDL-15_H6,0.3350846764670253,0.4463348659103527,0.5685887328531132,0.6862631689854715,1.412561753476706
CR_LFINF-CDL-20_H1,0.5670462921338504,0.7604173747406874,0.9559827157867712,1.135380777320414,0.8508074909985275
CR_LFINF-CDL-20_H2,0.3748848749265025,0.551695754979655,0.73857064490229,0.9168095024569873,1.148218628164474
CR_LFINF-CDL-20_H3,0.3364521981021386,0.4937593027242819,0.6584383677423524,0.8145055503765242,1.225946368374274
CR_LFINF-CDL-20_H4,0.3107971608506713,0.4367021241025925,0.5714380684637351,0.700231513861345,1.276233235763593
CR_LFINF-CDL-20_H5,0.3456600639090693,0.4727228773140144,0.6099056074071618,0.741226721437464,1.277141057351193
CR_LFINF-CDL-20_H6,0.3086960830675246,0.422902652088516,0.5480610120937939,0.6689890300680423,1.369801227108294
CR_LFINF-CDL-25_H1,0.5520741818754942,0.7571548261246595,0.965437080281549,1.157618218870174,0.8528079466387887
CR_LFINF-CDL-25_H2,0.4001636771229675,0.5993571808816918,0.8050356359818382,0.9987076182947334,1.054522232642094
CR_LFINF-CDL-25_H3,0.3574028367193313,0.5527167227514604,0.7584893844754843,0.9552572827427862,1.18500015238196
CR_LFINF-CDL-25_H4,0.3429629730030629,0.4862117447675751,0.6377212229168557,0.7816775933752895,1.235618809470569
CR_LFINF-CDL-25_H5,0.3262021393764165,0.4599950375382147,0.6040161101075088,0.7422520130978696,1.297159155332297
CR_LFINF-CDL-25_H6,0.3395582326529031,0.4681635752174151,0.6088997664721144,0.74489947338166,1.32501968875733
CR_LFINF-CDL-30_H1,0.5922728047131112,0.8037902832264785,1.016945192521086,1.212409910044536,0.8471662420560135
CR_LFINF-CDL-30_H2,0.4043918386273625,0.6239854834998915,0.8480449404573223,1.057991283124027,1.001708482291434
CR_LFINF-CDL-30_H3,0.4108820604549736,0.629622135201205,0.8601462134235885,1.080445757570666,1.090851510005741
CR_LFINF-CDL-30_H4,0.36188300800466,0.5073378270720879,0.661341169854242,0.8075506814556885,1.221399227372314
CR_LFINF-CDL-30_H5,0.3788211575426297,0.5314721559964909,0.6958463673223831,0.8535304498820824,1.229612221158548
CR_LFINF-CDL-30_H6,0.3481559396540181,0.4854707614987455,0.6355448716342518,0.7807212678436062,1.330664568355612
CR_LFINF-CDL-5_H1,0.5715198073519321,0.7416923877369292,0.9146603381846178,1.072931428311381,0.8397128620684153
CR_LFINF-CDL-5_H2,0.3510845238208007,0.4811967188418608,0.619640826994965,0.7510360184289572,1.211095260927111
CR_LFINF-CDL-5_H3,0.2954635305710424,0.423975699535887,0.5658305523197426,0.7044743810253151,1.332150126289469
CR_LFINF-CDL-5_H4,0.3227656008761546,0.4325620895787772,0.5526292062427339,0.6680248124351738,1.363582201628021
CR_LFINF-CDL-5_H5,0.2801505187753013,0.3787471795537021,0.4894302338235141,0.5976457111689258,1.5713990756792
CR_LFINF-CDL-5_H6,0.3230048610776091,0.4313542011786738,0.5526156839608658,0.6706297503038676,1.527244542753911
CR_LFINF-CDM-0_H1,0.5850131481591937,0.8514063481568322,1.109576221687866,1.342767545102642,0.7312929737322336
CR_LFINF-CDM-0_H2,0.4115850847815123,0.5710856346657469,0.7397804910356813,0.8995832354813965,1.093413886181777
CR_LFINF-CDM-0_H3,0.3461830088941968,0.4704661419875461,0.6053136114640795,0.7346350037890921,1.288202815531913
CR_LFINF-CDM-0_H4,0.3718973531920074,0.5211171587848765,0.689176771334196,0.8549342517003544,1.47759095429367
CR_LFINF-CDM-0_H5,0.3835226876068334,0.5525780337283405,0.7447988193345282,0.9363376972206269,1.583669348066334
CR_LFINF-CDM-0_H6,0.4175336468490465,0.6499705187237648,0.9216759591309408,1.199889370287797,1.662522368697928
CR_LFINF-CDM-10_H1,0.5961819989346706,0.8676257429642957,1.131561798481508,1.370442222333991,0.7227996049879745
CR_LFINF-CDM-10_H2,0.4033788461295398,0.5691557218128851,0.7448723808614593,0.91192569442708,1.09670991797603
CR_LFINF-CDM-10_H3,0.3433795492671146,0.4966747413720484,0.6634246313622599,0.8250734506443197,1.237116551887554
CR_LFINF-CDM-10_H4,0.4166890794831819,0.6090631422450207,0.8259572614087615,1.041326206153536,1.427935334060136
CR_LFINF-CDM-10_H5,0.4410541224842194,0.6570098801773545,0.9012635594857238,1.144881592544704,1.499922134436952
CR_LFINF-CDM-10_H6,0.526662357490368,0.7953841651874777,1.108788326499133,1.428211423827627,1.561081663316206
CR_LFINF-CDM-15_H1,0.5908670246066944,0.8809852470301723,1.163862851375744,1.420938675950568,0.7243383635300525
CR_LFINF-CDM-15_H2,0.404512701404674,0.5766028287268863,0.7585640215246832,0.931517815803382,1.10987808168753
CR_LFINF-CDM-15_H3,0.4138112805839262,0.6474263189221298,0.904207571667207,1.156777547525911,1.180079276634619
CR_LFINF-CDM-15_H4,0.5306058388461443,0.8431776905028608,1.191737984659962,1.53824091585251,1.188295510182764
CR_LFINF-CDM-15_H5,0.567120630903917,0.903070936165383,1.286295242653362,1.673115806894853,1.308003305206213
CR_LFINF-CDM-15_H6,0.6186854687399613,0.9804098201468007,1.406173696972644,1.844873187359655,1.438194006904013
CR_LFINF-CDM-20_H1,0.5874832543386487,0.8696675547473318,1.144937736939522,1.394958926925321,0.7369475787276567
CR_LFINF-CDM-20_H2,0.4411996724802908,0.643297603910915,0.8533781163399164,1.051481387921798,1.001504049287955
CR_LFINF-CDM-20_H3,0.4741186019743551,0.7925476522411098,1.143143303271623,1.48987956000882,1.116692643401426
CR_LFINF-CDM-20_H4,0.5487204627467704,0.9208221522269069,1.341223005352671,1.764259222831324,1.172086151269398
CR_LFINF-CDM-20_H5,0.5783230953730688,0.8992933026035138,1.254249624672238,1.604608494189832,1.179532752001013
CR_LFINF-CDM-20_H6,0.6033236818226261,0.8997805429130342,1.232184897672042,1.5619071640613,1.24155178956979
CR_LFINF-CDM-25_H1,0.5920435547309774,0.8856063320244959,1.173519345372688,1.436156321315478,0.7394415572635856
CR_LFINF-CDM-25_H2,0.4674351983488203,0.7051554625283473,0.9477996276119238,1.174793349839388,0.9305558035361843
CR_LFINF-CDM-25_H3,0.5105701087358471,0.8291765420678474,1.172725006015401,1.507365696600054,1.058309581003255
CR_LFINF-CDM-25_H4,0.5639862876946351,0.9434864365841714,1.366440466241381,1.78815637118521,1.15589744827227
CR_LFINF-CDM-25_H5,0.553175243452484,0.8867770451476275,1.259767203312905,1.631467178284252,1.179590110901834
CR_LFINF-CDM-25_H6,0.508783752509708,0.7414880085647811,0.9999411233190366,1.254043776915172,1.251579558168219
CR_LFINF-CDM-30_H1,0.6280110868105997,0.9252510388240945,1.217056492725611,1.483018077715529,0.7265632861043418
CR_LFINF-CDM-30_H2,0.5507987223710216,0.8373015884003658,1.123652427103354,1.388239954566878,0.8132341660323785
CR_LFINF-CDM-30_H3,0.5086873646715353,0.8246309689590033,1.159659278869805,1.482437796717426,0.9739752377693142
CR_LFINF-CDM-30_H4,0.586216724118072,1.012659384711482,1.48706849523819,1.96030848367405,1.084594521073765
CR_LFINF-CDM-30_H5,0.5423547563762391,0.8587827114686355,1.211249092132132,1.561286208136712,1.175006915922194
CR_LFINF-CDM-30_H6,0.4486218797696497,0.6172859179781055,0.8005178239127405,0.976744638675971,1.210271962868253
CR_LFINF-CDM-5_H1,0.5850131481591937,0.8514063481568322,1.109576221687866,1.342767545102642,0.7312929737322336
CR_LFINF-CDM-5_H2,0.4112385459656828,0.5699061758024095,0.737660520162999,0.8965097648212327,1.092375456376343
CR_LFINF-CDM-5_H3,0.3450152093181399,0.4701073047710259,0.6052242254342873,0.7345234891291644,1.263478979440509
CR_LFINF-CDM-5_H4,0.3502835514865307,0.4885874830022093,0.6423222191978055,0.7926224184690671,1.43441594839947
CR_LFINF-CDM-5_H5,0.3700458823249715,0.5100320696955417,0.6658558741173458,0.8179947813638292,1.497359936369892
CR_LFINF-CDM-5_H6,0.427682848114995,0.6287349703449879,0.8646370583347097,1.10516254934537,1.660565560706287
CR_LFINF-CDN-0_H1,0.6030217677686668,0.7446814982646722,0.8926792578669476,1.028657527751776,0.8861613359277124
CR_LFINF-CDN-0_H2,0.3567326870358277,0.5063566338270657,0.6672337757298865,0.821687090094691,1.233491778304904
CR_LFINF-CDN-0_H3,0.3392059295917687,0.4714928529781129,0.6175513757563513,0.7596509821235906,1.380368759892264
CR_LFINF-CDN-0_H4,0.3825510822958428,0.5266883697232285,0.6898581291473408,0.8507477297792683,1.558137299752663
CR_LFINF-CDN-0_H5,0.3829953713530184,0.5346911590697206,0.7062421384299034,0.8757490002275728,1.60150997434424
CR_LFINF-CDN-0_H6,0.4693814515623872,0.6687141970252372,0.8933454784614118,1.115549717574212,1.505183657049666
CR_LFM-CDH-0_H1,1.543494787221979,2.420468149093177,3.278643583616273,4.063561693050015,0.469047758234337
CR_LFM-CDH-0_H2,1.052496625997061,1.975207025834496,3.016360814621397,4.067951218350327,1.082252166600167
CR_LFM-CDH-0_H3,1.007892774124898,2.228688765472516,3.754074047814822,5.407935798252104,1.430928031059283
CR_LFM-CDH-0_H4,1.006373878735198,2.406965954719733,4.249782389959383,6.319609581403587,1.556918133076264
CR_LFM-CDH-0_H5,1.03666338936917,2.397853087623991,4.164961837684116,6.132088961179633,1.538359369719652
CR_LFM-CDH-0_H6,1.190411283090135,3.143656506213964,5.94409193969782,9.28177758860354,1.802332521346167
CR_LFM-CDH-10_H1,1.543494787221979,2.420468149093177,3.278643583616273,4.063561693050015,0.469047758234337
CR_LFM-CDH-10_H2,1.046189166057546,1.963379650599645,2.997300671836045,4.040908296689167,1.083047527533448
CR_LFM-CDH-10_H3,1.006449496649039,2.253113592923339,3.783642934316939,5.423009354867422,1.366959196374648
CR_LFM-CDH-10_H4,1.111879271776608,2.785846659986344,4.990711940434505,7.466638543549619,1.494869510887869
CR_LFM-CDH-10_H5,1.271681366280451,3.011949296647877,5.257196785984725,7.744736619073771,1.388088970095443
CR_LFM-CDH-10_H6,1.724655838063992,4.142184875032345,7.404908195398296,11.1365405892221,1.520918583085237
CR_LFM-CDH-15_H1,1.543127040572865,2.420311551924934,3.278765108348755,4.06396596190993,0.4691215517157483
CR_LFM-CDH-15_H2,1.022921981466767,1.918892777819478,2.914464263170454,3.909923977446605,1.050005903517584
CR_LFM-CDH-15_H3,1.060843604888011,2.364069245480679,3.935988457790732,5.599673150173461,1.208041217235765
CR_LFM-CDH-15_H4,1.377004050627601,3.163366394844387,5.4111351189079,7.859390462728826,1.281649552459566
CR_LFM-CDH-15_H5,1.628843946274719,3.785547614253657,6.568234307957294,9.652217962045611,1.310333458235328
CR_LFM-CDH-15_H6,2.061201495545486,5.096280673513008,9.273647246009567,14.11619233899613,1.397991871074069
CR_LFM-CDH-20_H1,1.545363337593379,2.424113440878385,3.284389635833735,4.071409556495344,0.4692037266293569
CR_LFM-CDH-20_H2,1.037452022734083,1.993398299676579,3.044119421668203,4.088065716202473,0.9935739609058816
CR_LFM-CDH-20_H3,1.21124019747335,2.654566891461721,4.397993582156098,6.244955716562768,1.161488197350619
CR_LFM-CDH-20_H4,1.587410138743199,3.585053548096981,6.111373900483683,8.87312002341482,1.184361118392982
CR_LFM-CDH-20_H5,2.058563395379098,5.059534455524815,9.13734496915386,13.82151499456312,1.317677575115863
CR_LFM-CDH-20_H6,2.524235383035734,6.498304139258448,12.23394854048977,19.1105637981459,1.348699911176965
CR_LFM-CDH-25_H1,1.544579805632046,2.426748229768342,3.290426408965017,4.080683244157846,0.4692747061201502
CR_LFM-CDH-25_H2,1.121386442450203,2.23923613826,3.48974288576098,4.747601042574971,0.9427783611616588
CR_LFM-CDH-25_H3,1.419561327141902,3.044274313195209,5.011403503621482,7.098630403663679,1.073587247538609
CR_LFM-CDH-25_H4,1.871189114136163,4.266504695159581,7.360211886599696,10.79229291483883,1.15719688438522
CR_LFM-CDH-25_H5,2.217073375526513,5.235006870509788,9.278310287494065,13.88006970991327,1.162902702010576
CR_LFM-CDH-25_H6,2.784496256590473,6.824986750848251,12.53153198546692,19.27548520988853,1.220810848209095
CR_LFM-CDH-30_H1,1.564414076215048,2.458568726246371,3.333481310472061,4.133775520072214,0.4686930997210593
CR_LFM-CDH-30_H2,1.211286173920983,2.369866035156253,3.649391404208369,4.925164166731117,0.8805200318039623
CR_LFM-CDH-30_H3,1.650914536786388,3.55164141255886,5.883883471444843,8.381290244777755,1.043582590855255
CR_LFM-CDH-30_H4,2.174329799041925,4.906807992383285,8.438665007756152,12.35948031251429,1.08349230974087
CR_LFM-CDH-30_H5,2.355933620715114,5.369696747047589,9.38300141539463,13.93379161422046,1.056692140284911
CR_LFM-CDH-30_H6,2.869762484023322,6.497144917121805,11.44226280369245,17.14735386821495,1.162208223090611
CR_LFM-CDH-5_H1,1.543494787221979,2.420468149093177,3.278643583616273,4.063561693050015,0.469047758234337
CR_LFM-CDH-5_H2,1.052510488328066,1.975207025834496,3.016360814621397,4.067951218350327,1.082252166600167
CR_LFM-CDH-5_H3,1.009088323485736,2.227096445396529,3.748425269374266,5.397486213383375,1.430039516885073
CR_LFM-CDH-5_H4,1.003249116031194,2.34329143141397,4.063572414022372,5.963231166350344,1.480452921723852
CR_LFM-CDH-5_H5,0.9989995812666768,2.44949047613704,4.387401338658753,6.58669859124368,1.556309971506242
CR_LFM-CDH-5_H6,1.135274739462602,2.919199420261822,5.392498040996205,8.271438613841275,1.671479975460143
CR_LFM-CDL-0_H1,0.7078923141197883,1.099765046096816,1.522144359640239,1.932127877243558,1.032648834004546
CR_LFM-CDL-0_H2,0.4505016073690543,0.6882301669963902,0.9547880099510798,1.219849419838695,1.399356402969451
CR_LFM-CDL-0_H3,0.4446156554265208,0.7096634120007346,1.018458996395698,1.334646448014584,1.604957953265767
CR_LFM-CDL-0_H4,0.5459047923796444,0.830039649684885,1.158102938126413,1.490503693199571,1.573405817442047
CR_LFM-CDL-0_H5,0.6414488476019221,1.003374274837729,1.432058591553219,1.875122186299339,1.662512219094672
CR_LFM-CDL-0_H6,0.7936083257282813,1.238864059805304,1.759767610466033,2.293580162766711,1.556946108971794
CR_LFM-CDL-10_H1,0.737764466175864,1.135830350643844,1.565606934272073,1.98290576059973,1.033494183679634
CR_LFM-CDL-10_H2,0.4479176918558265,0.673795033679878,0.9258050523367819,1.17521792108736,1.412124912914005
CR_LFM-CDL-10_H3,0.3607649850396243,0.5728256090287296,0.813873313673799,1.056547552964808,1.467420132937801
CR_LFM-CDL-10_H4,0.4443710081591744,0.6266200515392221,0.8350226149118932,1.042700075259277,1.565770568042734
CR_LFM-CDL-10_H5,0.3696452737989581,0.4994082407212845,0.6445481092408276,0.7861196335838662,1.565706756106958
CR_LFM-CDL-10_H6,0.5039549856594576,0.6943624256656945,0.9138202185981007,1.13257292547122,1.645790997292294
CR_LFM-CDL-15_H1,0.7232926904809226,1.123597512139848,1.555431102235042,1.974797019901741,1.027306701567629
CR_LFM-CDL-15_H2,0.3717051381093719,0.5852311854474894,0.8190203923301433,1.048494591501509,1.301787937432055
CR_LFM-CDL-15_H3,0.3122629569891664,0.5099079976412701,0.7257880690332242,0.9379139529043573,1.32302873349849
CR_LFM-CDL-15_H4,0.3373509383781706,0.4723637750366057,0.6197620883948014,0.7623486937004229,1.390291621101526
CR_LFM-CDL-15_H5,0.3401302786397731,0.4845476648446571,0.6417258666206564,0.7938490188129372,1.343014259721698
CR_LFM-CDL-15_H6,0.4019659343402949,0.5505474557845413,0.717970786232531,0.8824591467132343,1.530297826103568
CR_LFM-CDL-20_H1,0.7060962967932696,1.108766225883657,1.541392584604181,1.960786612813217,1.018780687679766
CR_LFM-CDL-20_H2,0.3399862429708476,0.5843025608056147,0.8410194343023788,1.087775638486717,1.1702247214785
CR_LFM-CDL-20_H3,0.3278885268301334,0.5535132494858847,0.7921012459493884,1.022128977205395,1.242980190761996
CR_LFM-CDL-20_H4,0.3124010438911937,0.483104120071168,0.6728454496700871,0.8606586611115838,1.393947387496224
CR_LFM-CDL-20_H5,0.3183442291568642,0.4715164535145324,0.63648413905222,0.7958213377412091,1.307693328358512
CR_LFM-CDL-20_H6,0.3747892793005123,0.514579049236412,0.6705898555706171,0.8230477345662719,1.449430348260819
CR_LFM-CDL-25_H1,0.6840471849979697,1.076636799281283,1.495084916016981,1.898754645590957,1.003567392384702
CR_LFM-CDL-25_H2,0.3290685558736959,0.6008342032784368,0.8798936890647219,1.145086396842901,1.054527702420163
CR_LFM-CDL-25_H3,0.351904884143431,0.6242039308455668,0.912126523744549,1.190389620508461,1.183600509817891
CR_LFM-CDL-25_H4,0.3659680719894553,0.5433139021767557,0.7324283611198369,0.9139826231008397,1.242582394242171
CR_LFM-CDL-25_H5,0.3125834660392119,0.4889603429035102,0.6785436817810739,0.8623259554585849,1.292613550377507
CR_LFM-CDL-25_H6,0.3877373163233293,0.5445115898447594,0.718175205241183,0.8877549229908146,1.417039019253712
CR_LFM-CDL-30_H1,0.6362094337915567,1.033160213662636,1.450755610022588,1.851121801749251,0.9757350459615308
CR_LFM-CDL-30_H2,0.3218781216506363,0.6156369845282007,0.9030036473644336,1.168871677272296,1.007510913577856
CR_LFM-CDL-30_H3,0.3895828300250871,0.6978364125337343,1.024759917446932,1.341455586761418,1.109040671642105
CR_LFM-CDL-30_H4,0.3868838505417995,0.6057218813827582,0.8453330469095063,1.080435543334657,1.266449699467444
CR_LFM-CDL-30_H5,0.3568176701152633,0.5571301109364758,0.7702062907314867,0.975354145761173,1.214136970855249
CR_LFM-CDL-30_H6,0.4547117918764922,0.6499421858111858,0.8660591414586373,1.077565209485947,1.34932826249466
CR_LFM-CDL-5_H1,0.70774768010796,1.095432464669499,1.511133592246136,1.913159493703208,1.022607482989569
CR_LFM-CDL-5_H2,0.4463600628431637,0.6778526953201988,0.9363986422335053,1.192695427278069,1.357625196741958
CR_LFM-CDL-5_H3,0.4117384165198756,0.6014008663812339,0.8210261152424544,1.042856053830191,1.570170741543134
CR_LFM-CDL-5_H4,0.4173839763320868,0.5632267656002512,0.727686045857317,0.8888191871832559,1.546107968490307
CR_LFM-CDL-5_H5,0.4090106335233079,0.5271082703109465,0.6612091509797593,0.7914830598274916,1.641547374649184
CR_LFM-CDL-5_H6,0.5416552300118422,0.7086400769035642,0.9014080623504114,1.091140563071159,1.658869748713105
CR_LFM-CDM-0_H1,0.7486728765267969,1.126946688095221,1.517481766500425,1.885344997282698,0.8512830180678
CR_LFM-CDM-0_H2,0.5139491607525405,0.8028492266386396,1.124031298235223,1.442280245224294,1.235026778269419
CR_LFM-CDM-0_H3,0.4973468963932043,0.8562253026533296,1.275160736113883,1.706700979090589,1.453357293528104
CR_LFM-CDM-0_H4,0.5250940722156183,1.029111608062191,1.671431063828271,2.377561332910261,1.708104675062982
CR_LFM-CDM-0_H5,0.6491237675738474,1.250798830960243,1.993825706879841,2.792431046966827,1.628581862287315
CR_LFM-CDM-0_H6,0.7536808585148361,1.362871193214627,2.086699940713631,2.842867181157063,1.537137716131935
CR_LFM-CDM-10_H1,0.7465885130866021,1.124497688427492,1.51486800498092,1.882710771367708,0.8524777802553338
CR_LFM-CDM-10_H2,0.5056095519871937,0.7943857755200714,1.11849549194182,1.441818587965809,1.233618874218624
CR_LFM-CDM-10_H3,0.4860673186449468,0.8080175116149924,1.176474294742263,1.550258837526601,1.400884188067215
CR_LFM-CDM-10_H4,0.6054348613039431,1.067124626701686,1.61424717272575,2.184237797894093,1.469546263029744
CR_LFM-CDM-10_H5,0.7490584253480798,1.329307102873882,2.02762904129029,2.763167799024802,1.412946371276252
CR_LFM-CDM-10_H6,0.8805280062028354,1.452391142757201,2.128729562918219,2.830008545351864,1.379218917121204
CR_LFM-CDM-15_H1,0.7467794064761683,1.123668219071275,1.512960890206893,1.879730858165415,0.8498035553185216
CR_LFM-CDM-15_H2,0.5085340414534641,0.8124635057612162,1.152508305378762,1.491439880043311,1.1791428282216
CR_LFM-CDM-15_H3,0.5291412185850601,0.9291237318968416,1.371796255762251,1.812207644899994,1.171318009330505
CR_LFM-CDM-15_H4,0.6905923396967879,1.247623101319002,1.891200928872242,2.55079927153397,1.242898424953642
CR_LFM-CDM-15_H5,0.7992437291791037,1.397575558362826,2.105630064657627,2.842385141072683,1.353427157050838
CR_LFM-CDM-15_H6,0.8271330793703607,1.31443335478377,1.895648573001781,2.500044905659103,1.476203345526291
CR_LFM-CDM-20_H1,0.735049102622857,1.10833865102705,1.491693941650212,1.851645990732711,0.8458212662043905
CR_LFM-CDM-20_H2,0.4342157821723284,0.7759425890773377,1.133628742769071,1.477253062540627,1.039100059588578
CR_LFM-CDM-20_H3,0.6101197439475938,1.183933016127446,1.843059720874102,2.517292709565905,1.18723972746519
CR_LFM-CDM-20_H4,0.743919932620483,1.361009653916915,2.078236323719291,2.816562431520776,1.192902247201563
CR_LFM-CDM-20_H5,0.7743194435804452,1.30367621557165,1.916019053310893,2.542199912897778,1.236158695694391
CR_LFM-CDM-20_H6,0.7963173260094014,1.231350060028816,1.740301454549784,2.261402845566819,1.34401523471284
CR_LFM-CDM-25_H1,0.724076955104399,1.109726975857875,1.50198059516739,1.868587021491561,0.8093151762738039
CR_LFM-CDM-25_H2,0.4584955287070192,0.8766049937840522,1.307510027878772,1.71869623539046,0.9558282137541761
CR_LFM-CDM-25_H3,0.6261618250883587,1.210737897069022,1.870826638026692,2.538373242648695,1.107759600301397
CR_LFM-CDM-25_H4,0.7550414310684496,1.390560529779533,2.1323820128779,2.898428767974591,1.195756660786169
CR_LFM-CDM-25_H5,0.7084842841704078,1.169621358608495,1.702581351612783,2.246617747111004,1.204107396072163
CR_LFM-CDM-25_H6,0.6680423969010851,1.015524480085497,1.410361177008163,1.806226243234411,1.226836593449025
CR_LFM-CDM-30_H1,0.6766689014630181,1.0837939674627,1.494760009941445,1.878394174787411,0.77626121879584
CR_LFM-CDM-30_H2,0.5415448680224854,1.058357827159518,1.593599407908971,2.10622538465116,0.9120399344740711
CR_LFM-CDM-30_H3,0.57458925473781,1.130118831374571,1.744288331313493,2.357161663743579,1.054045419629398
CR_LFM-CDM-30_H4,0.7664877856757237,1.407480617148099,2.145241774615379,2.899792633064552,1.171868431623523
CR_LFM-CDM-30_H5,0.7149729329570793,1.15248842818156,1.645355695541543,2.139130037167111,1.176137361927494
CR_LFM-CDM-30_H6,0.5305031692363623,0.7913753803154149,1.076892542513748,1.355738407712099,1.180030173414139
CR_LFM-CDM-5_H1,0.7472542657417839,1.125223172406827,1.515563177543166,1.883304939681004,0.852080170475142
CR_LFM-CDM-5_H2,0.5135811127286372,0.8028107305028185,1.124391781559304,1.44305537853969,1.234972361014799
CR_LFM-CDM-5_H3,0.5096544463571578,0.8691593772540745,1.285351318861084,1.711434785768307,1.454648243353183
CR_LFM-CDM-5_H4,0.5260001893086705,0.9691274307563393,1.512691361917205,2.093614383596944,1.594514389846238
CR_LFM-CDM-5_H5,0.6116652004977197,1.107154365284968,1.712711570490119,2.357864009280102,1.646354037302984
CR_LFM-CDM-5_H6,0.7198267594143495,1.281146331862121,1.956353511498088,2.667396073481902,1.58803840602333
CR_LFM-CDN-0_H1,0.6533529652892037,1.023935913546925,1.432746608026704,1.835881127921639,1.113417447642067
CR_LFM-CDN-0_H2,0.4249134320781527,0.6759202342925353,0.9614967332423584,1.249221955784765,1.497388476087988
CR_LFM-CDN-0_H3,0.4380198249316586,0.7186244988252272,1.041325528246526,1.369516673566825,1.53491410396713
CR_LFM-CDN-0_H4,0.5802173317125874,0.9369209004865895,1.356799879497132,1.790110389903973,1.564528926660601
CR_LFM-CDN-0_H5,0.6507510294660667,1.083944539490025,1.604993454850656,2.151869986122808,1.720225323201853
CR_LFM-CDN-0_H6,0.7969723428692659,1.315864563020457,1.93292527098267,2.575187994218817,1.532200987606332
CR_LWAL-DUH_H1,1.515890069505637,2.93001610670495,3.968756658880202,4.801972815833976,0.4087298408117645
CR_LWAL-DUH_H10,1.77620175456201,2.652462217288866,3.65316403090468,4.657823525719095,0.9565546849367392
CR_LWAL-DUH_H11,2.251153829243091,3.122832373015314,4.133605743721663,5.146252821800533,0.9701682746109865
CR_LWAL-DUH_H12,3.014170235590004,3.898020684606463,4.940833179859759,5.973986321371431,1.063674560796837
CR_LWAL-DUH_H2,0.737920744353866,1.639364520892684,2.27676261355189,2.784853212815216,0.4186901932912732
CR_LWAL-DUH_H3,0.7031342240172288,1.468334109580363,2.086166981707001,2.605719164163594,0.4277429585269561
CR_LWAL-DUH_H4,0.6926804302723749,1.406428400180361,2.035186762050761,2.586130521542974,0.46693886229385
CR_LWAL-DUH_H5,0.70342664194623,1.405076498632455,2.063539021800429,2.659787167635943,0.5580513638943198
CR_LWAL-DUH_H6,0.7841280125154719,1.518120726348718,2.250608463822756,2.936536809955586,0.6592793562816369
CR_LWAL-DUH_H7,0.9188246958998287,1.688496314568784,2.494944425606129,3.271086563150828,0.7329518592187256
CR_LWAL-DUH_H8,1.129686604626966,1.974034774187567,2.903062401013666,3.823618124672848,0.8199517738129589
CR_LWAL-DUH_H9,1.433838057323076,2.302023408078402,3.272983989077139,4.240848148732888,0.8908368173684419
CR_LWAL-DUL_H1,0.6053223177420035,1.241419743496226,1.596717726157969,1.855699567543083,0.4162664418697256
CR_LWAL-DUL_H10,0.8194641175130206,1.331429411840499,1.895573610712944,2.452888191000467,1.065949294113109
CR_LWAL-DUL_H11,1.008386506739346,1.541641562179601,2.143053263148356,2.743433934086319,1.115945159846498
CR_LWAL-DUL_H12,1.235821464637403,1.772932663795248,2.388884901884569,3.005555587442916,1.154485350410779
CR_LWAL-DUL_H2,0.3269944829302765,0.8200333714966529,1.142629173641465,1.394216395483137,0.4927699681770456
CR_LWAL-DUL_H3,0.3687491801523105,0.8240071349428492,1.172112164842009,1.458903718772042,0.5607511074145122
CR_LWAL-DUL_H4,0.3403736469492033,0.8096034061151989,1.213713233447965,1.566421656689771,0.6562987430311757
CR_LWAL-DUL_H5,0.3766273540712849,0.8337409066375165,1.243355332297143,1.606904717677725,0.7407384164109203
CR_LWAL-DUL_H6,0.420221918598555,0.8822882428368624,1.320572084395054,1.720619350286436,0.8135810116392835
CR_LWAL-DUL_H7,0.47231743008102,0.9349739173324173,1.396889843843689,1.829940374973793,0.8841257645529789
CR_LWAL-DUL_H8,0.5478037224554575,1.03581718288035,1.551169326752037,2.050133152520173,0.9801759447852461
CR_LWAL-DUL_H9,0.6517488608161847,1.14848588398743,1.688902951278424,2.220638637671394,1.018174797599498
CR_LWAL-DUM_H1,1.007834389991339,1.889329070678652,2.447776512306954,2.869211179652055,0.3905789784974564
CR_LWAL-DUM_H10,1.281097743384439,2.069330606949301,2.96276614032137,3.861672027225471,0.9937575892332373
CR_LWAL-DUM_H11,1.638648941147442,2.506412899106759,3.525516010617439,4.570404813731034,1.062098856668684
CR_LWAL-DUM_H12,1.990515387268687,2.755854496089407,3.64472659483144,4.535721242435631,1.060764428746225
CR_LWAL-DUM_H2,0.4983551727958543,1.200182013226547,1.671465468916369,2.041579174791275,0.4416146686069611
CR_LWAL-DUM_H3,0.5161730088370569,1.11828830260208,1.58050240509731,1.961234156882526,0.4735959980443651
CR_LWAL-DUM_H4,0.5128187858492789,1.117108629104399,1.640261365549537,2.096243432887082,0.5657123825296465
CR_LWAL-DUM_H5,0.5400514390930728,1.161597673118164,1.732951027721352,2.246212537324762,0.6509929937560451
CR_LWAL-DUM_H6,0.5941777754177592,1.227884289804432,1.845766727124974,2.418118170025525,0.7043517249149365
CR_LWAL-DUM_H7,0.7041032717904355,1.419244530834799,2.164491478791639,2.881675882145564,0.8172821897681051
CR_LWAL-DUM_H8,0.8326598190815269,1.590311675375111,2.42334587975745,3.251037115230247,0.8833031385763565
CR_LWAL-DUM_H9,1.031551443729251,1.820455123780387,2.70667280630811,3.597235019741473,0.9585943824385397
MCF_LWAL-DUH_H1,1.12993111752194,1.603269669221006,1.934747416233303,2.18766885045052,0.3463514030024902
MCF_LWAL-DUH_H2,0.6468148709968282,1.180975090633739,1.585671200995495,1.913239549393575,0.4295876812397931
MCF_LWAL-DUH_H3,0.5087346382740701,1.024456795443063,1.450960973214692,1.812941650266383,0.530752618133729
MCF_LWAL-DUH_H4,0.509373792807065,1.020845611210986,1.47819072461306,1.881775807908979,0.6584811825845421
MCF_LWAL-DUH_H5,0.5280406727896596,1.064182158143822,1.579096479537055,2.051555169984631,0.7326985384111485
MCF_LWAL-DUH_H6,0.6075249412225179,1.161107205077055,1.716004249428666,2.2367229918561,0.8058875056586055
MCF_LWAL-DUL_H1,0.5328353289590401,0.8403563411277303,1.044183297333054,1.198080062533907,0.4030348267120357
MCF_LWAL-DUL_H2,0.3296812607590189,0.719475307845392,1.015735235592312,1.258816971464163,0.5286346535427258
MCF_LWAL-DUL_H3,0.2940074538796031,0.6696901586238349,0.9853389668537039,1.257059310823817,0.6514119490962145
MCF_LWAL-DUL_H4,0.2910072707692242,0.6592217301966277,0.996663202839117,1.299938183161516,0.7916800021049749
MCF_LWAL-DUL_H5,0.3164673047516197,0.679237449354757,1.027807092942536,1.348502162489634,0.8824530160307793
MCF_LWAL-DUL_H6,0.3726584087243447,0.7374486637109671,1.103769495898449,1.44836406779603,0.9385953268583155
MCF_LWAL-DUM_H1,0.8446449767438973,1.258532600211009,1.543175212948359,1.759956312830307,0.3634326506455532
MCF_LWAL-DUM_H2,0.4980132452811969,0.9502084860584575,1.286297210048276,1.556945573349475,0.4696907058306743
MCF_LWAL-DUM_H3,0.4068883273366452,0.8564418727061318,1.232820278943085,1.554966668334675,0.5908472229929704
MCF_LWAL-DUM_H4,0.4129695940898306,0.8789243198494143,1.295551513159247,1.664268560444953,0.6849845287770281
MCF_LWAL-DUM_H5,0.4410628899999552,0.918427776488344,1.372345054322486,1.787084097422671,0.7965844608609014
MCF_LWAL-DUM_H6,0.488570570943884,0.9919138795153009,1.499397819052731,1.978345945956051,0.8696094752781743
MR_LWAL-DUH_H1,0.6079894829685729,1.077503832589261,1.385965172358618,1.620742454517826,0.3821062114500045
MR_LWAL-DUH_H2,0.4345729113615432,0.9140901282770774,1.288148027805318,1.597912428025919,0.500885837614782
MR_LWAL-DUH_H3,0.3948348419368776,0.888160941836718,1.30895174391721,1.673604329708487,0.6244250491171006
MR_LWAL-DUH_H4,0.4020283854697795,0.9231656930711527,1.389171719021027,1.80296390606834,0.7079048792214471
MR_LWAL-DUH_H5,0.4418190351447296,0.9915067495502499,1.520531185597488,2.008436203580097,0.7864646278389877
MR_LWAL-DUL_H1,0.3664165138049754,0.7162665896179377,0.9537002465139909,1.138219629601597,0.4390499828047735
MR_LWAL-DUL_H2,0.2893421199430874,0.6480790476582248,0.9348518780202537,1.175845388950906,0.5660498006115313
MR_LWAL-DUL_H3,0.2761745628095868,0.6408378000867119,0.9617526330579805,1.244552237829974,0.6969564304952038
MR_LWAL-DUL_H4,0.2764105611223706,0.642676699724023,0.9854720989249756,1.297279724287199,0.8134887140815716
MR_LWAL-DUL_H5,0.3128882715376223,0.681336367378702,1.041581218055909,1.376415269670568,0.9006183794011774
MR_LWAL-DUM_H1,0.5167296588820317,0.9201704486483739,1.195986694975739,1.409297225553492,0.4116522140219229
MR_LWAL-DUM_H2,0.3661096188759991,0.7915603187287951,1.127015512982334,1.406612939495429,0.5304865137968587
MR_LWAL-DUM_H3,0.3343461280494305,0.7904264463263893,1.18212440978533,1.523463753262642,0.6339699892112696
MR_LWAL-DUM_H4,0.3457751531522519,0.8195091387657879,1.252790279170096,1.642458249207435,0.7358305575427462
MR_LWAL-DUM_H5,0.3849818883894207,0.8848181486712751,1.370518865204939,1.821181976732439,0.8199155388290753
MUR-ADO_LWAL-DNO_H1,0.2158980130720929,0.4463508514818387,0.608702099077469,0.7372903768176647,0.4870907771918445
MUR-ADO_LWAL-DNO_H2,0.1751893769753056,0.4050560769445535,0.595912468586452,0.759404508622176,0.6833786551186143
MUR-ADO_LWAL-DNO_H3,0.1490099948255766,0.377082305457944,0.5824092467300138,0.766018368987446,0.8469373711465517
MUR-CB99_LWAL-DNO_H1,0.3172563091563763,0.6149052032703523,0.825217077800448,0.9912022622819258,0.4539907014789375
MUR-CB99_LWAL-DNO_H2,0.2583508593093888,0.5694312538438536,0.8244147818943803,1.041000132227165,0.614564569547916
MUR-CB99_LWAL-DNO_H3,0.2406882445922486,0.5510190756157376,0.831653378159097,1.082245371155809,0.7815218661480875
MUR-CB99_LWAL-DNO_H4,0.2558184777937066,0.5707710286311777,0.8682925115721938,1.139871167841921,0.8574981507065399
MUR-CB99_LWAL-DNO_H5,0.2920672473402545,0.6129723680742458,0.9307720998568512,1.227937459856759,0.9338994365907943
MUR-CL99_LWAL-DNO_H1,0.2774796956752436,0.5160340850794534,0.6935983853760207,0.8364039098885808,0.4871951267810266
MUR-CL99_LWAL-DNO_H2,0.2185585378035826,0.4746965897897122,0.6870241115362948,0.8681981035667544,0.6418531128774696
MUR-CL99_LWAL-DNO_H3,0.2015923523732509,0.4585142118466593,0.6907801325094428,0.8980955995741865,0.785684974628174
MUR-CL99_LWAL-DNO_H4,0.2155557159797886,0.4720486859885995,0.716769547695729,0.9412117174121307,0.8936123785060232
MUR-CL99_LWAL-DNO_H5,0.2520611907106691,0.508492326833949,0.7597395723129073,0.9929045766409172,0.9567582328243464
MUR-STDRE_LWAL-DNO_H1,0.286564661747834,0.5175724470649454,0.6912531808032395,0.8312343687257644,0.4844343034081349
MUR-STDRE_LWAL-DNO_H2,0.2033566709991657,0.4641334265186724,0.6752563995601122,0.8538847747516942,0.6215591152491916
MUR-STDRE_LWAL-DNO_H3,0.1931583108575827,0.4481018820899544,0.6736648655631523,0.8729680621322911,0.76416720936798
MUR-STDRE_LWAL-DNO_H4,0.2119304977389359,0.4619831829947977,0.6971351079679404,0.9110781216592037,0.8680462161994438
MUR-STDRE_LWAL-DNO_H5,0.2521089646392349,0.5033019355669549,0.7465550572065721,0.9707086712144201,0.9161824611544853
MUR-STRUB_LWAL-DNO_H1,0.2377604502022267,0.4869061281993325,0.6613220515629081,0.7990225732558776,0.4720503043664703
MUR-STRUB_LWAL-DNO_H2,0.200616906830712,0.4471020661011944,0.6467237125287995,0.8154373549483203,0.6323258584484835
MUR-STRUB_LWAL-DNO_H3,0.1889047420862978,0.4270409169470503,0.6392455620336481,0.8272198244127438,0.7816101417640967
MUR-STRUB_LWAL-DNO_H4,0.1913143502812414,0.4274138976461664,0.6504935901243679,0.8541542721558933,0.8906840186224132
MUR-STRUB_LWAL-DNO_H5,0.2313350874040249,0.4618583583710943,0.6862074133418579,0.8935266744929166,0.9514348121611705
MUR_LWAL-DNO_H1,0.3147590783534004,0.5865189460630623,0.7833762096548877,0.9398813976502203,0.4563569054412442
MUR_LWAL-DNO_H2,0.2385108024211345,0.5260216177223804,0.7598455091898052,0.9577387904711148,0.6069197375413603
MUR_LWAL-DNO_H3,0.2192123268326601,0.5064754891986268,0.7602647137664857,0.9843072864111764,0.7428964737730143
MUR_LWAL-DNO_H4,0.2302808002723874,0.5138232429230964,0.7803761053427122,1.023052802016478,0.8592843393644798
MUR_LWAL-DNO_H5,0.2750562425856595,0.5542256097170786,0.8284720027690652,1.083353207969884,0.927885154677463
S_LFBR-DUH_H1,0.6815867494514145,2.03166196031022,3.419345364233274,4.754163194596876,0.5134779358805757
S_LFBR-DUH_H10,0.9730900921553859,4.344115531034619,9.489754204298615,15.7515008858809,1.475104607720312
S_LFBR-DUH_H11,0.9901990052052747,4.46315558907052,9.80280568725797,16.32975034084422,1.468551257880779
S_LFBR-DUH_H12,1.032774251336962,4.516398620619639,9.764235034361196,16.09958868802824,1.419472388487929
S_LFBR-DUH_H2,0.5479773540442447,1.667205217898361,2.833437940169545,3.963978803308258,0.6084884200367007
S_LFBR-DUH_H3,0.5547178420038946,1.729426739724066,3.013067207823926,4.291058431967524,0.7672764351378162
S_LFBR-DUH_H4,0.587582710786895,1.88805457583919,3.379321556713286,4.906014143726744,0.9161394992422927
S_LFBR-DUH_H5,0.601952552385285,2.275636430631991,4.466278097270539,6.891414662169787,1.090740734654869
S_LFBR-DUH_H6,0.6521051254713118,2.317123982235113,4.44214957491599,6.760919267692257,1.139380045368184
S_LFBR-DUH_H7,0.6949328598391115,2.384398306153821,4.513730371291022,6.820536575588236,1.134422715099183
S_LFBR-DUH_H8,0.7593066457179554,2.793204223034278,5.500762374478201,8.532612417920827,1.206450022757636
S_LFBR-DUH_H9,0.8766905858882681,3.554549792101423,7.378026994891346,11.84538010325751,1.377838856201174
S_LFBR-DUM_H1,0.5590596089321064,1.383251659416093,2.199976947574859,2.967579277310041,0.5157777147569066
S_LFBR-DUM_H10,0.7046429440469139,2.301847189634357,4.477532704497556,6.959421680583041,1.431048730980201
S_LFBR-DUM_H11,0.7341153572152026,2.426970322457454,4.754424765492465,7.425100009209428,1.48766106217826
S_LFBR-DUM_H12,0.8161926121632201,2.699959281611503,5.290985636310028,8.26485361279509,1.481815348025655
S_LFBR-DUM_H2,0.4550981748581859,1.158240173726524,1.869005490731523,2.544806791095375,0.6364966242181215
S_LFBR-DUM_H3,0.4618273727652039,1.141501040756523,1.835516805210206,2.498718580891251,0.7911512841396942
S_LFBR-DUM_H4,0.4902261587625377,1.295743323988231,2.182302826749316,3.068001457370662,0.9362039856283108
S_LFBR-DUM_H5,0.4843289262071407,1.328942640240972,2.304687109490378,3.308600385039265,1.057006684923074
S_LFBR-DUM_H6,0.5195566767624465,1.457322055223879,2.575891974257534,3.749779701560366,1.147732028007589
S_LFBR-DUM_H7,0.5727042910493501,1.515922973765183,2.606987462922876,3.730523445171918,1.130318336625484
S_LFBR-DUM_H8,0.6174815559037075,1.72067147483285,3.054098694927603,4.46529905951078,1.222935080137007
S_LFBR-DUM_H9,0.6702343853857025,2.041471774263706,3.815116400357557,5.773568606994343,1.366384165618578
S_LFINF-DUH_H1,0.8647305705883876,1.864383826635324,2.649476782496226,3.302571379922084,0.5298419271923136
S_LFINF-DUH_H10,0.6598667234240784,2.105758508875297,3.747072680284421,5.417480459042558,1.188835919747012
S_LFINF-DUH_H11,0.6771455247839815,2.268077664891352,4.138594845219854,6.081585185974063,1.230921674409455
S_LFINF-DUH_H12,0.7211186052280962,2.410448082074531,4.395959648038141,6.458003516426064,1.257636587305815
S_LFINF-DUH_H2,0.5803910631202899,1.275731014799258,1.829022193875518,2.292532850133629,0.55014901106439
S_LFINF-DUH_H3,0.5354485638121848,1.250351463665593,1.850023244109738,2.366441227550578,0.5909920688439653
S_LFINF-DUH_H4,0.5183904107500497,1.298930514603676,2.00733955454556,2.643183481059232,0.7639504256028904
S_LFINF-DUH_H5,0.5380732340343565,1.344085067721597,2.090055518310023,2.766248784120038,0.8175251973847993
S_LFINF-DUH_H6,0.5660529952766162,1.500216943462779,2.415731588011497,3.272313032868259,0.9243931842837988
S_LFINF-DUH_H7,0.5817177903516899,1.648516476271948,2.756721723904603,3.828334565914454,1.001828150175746
S_LFINF-DUH_H8,0.626423193935105,1.805431620214925,3.052948375714881,4.271983177668893,1.027686073902849
S_LFINF-DUH_H9,0.6262208752650217,1.952788439696137,3.431002365098015,4.919341180064582,1.12545457432634
S_LFINF-DUM_H1,0.6303257767337934,1.116610069563597,1.486122106147601,1.78489407756912,0.5674364576991242
S_LFINF-DUM_H10,0.5343649512799828,1.327280079002767,2.192633994802681,3.0523771177917,1.150874590505411
S_LFINF-DUM_H11,0.560319119984039,1.488279595138212,2.551316607160498,3.63942437898869,1.228719014774536
S_LFINF-DUM_H12,0.6246576726711828,1.658243249989809,2.841843327097993,4.053082005540877,1.220111956175151
S_LFINF-DUM_H2,0.4641427986792229,0.8853057142729086,1.222635031945533,1.503627010232286,0.5508704981673743
S_LFINF-DUM_H3,0.4321848693739444,0.8891187649844119,1.287550674996235,1.635088821315781,0.6456509339878521
S_LFINF-DUM_H4,0.4270669208647116,0.8903267170749222,1.308028224781075,1.6789529192382,0.745949753238574
S_LFINF-DUM_H5,0.4447179079107865,0.9368209750258116,1.393485243102901,1.805432420634176,0.8230741779498918
S_LFINF-DUM_H6,0.4736615375012588,1.035199586134571,1.578377572700067,2.080292681095922,0.8972339222556955
S_LFINF-DUM_H7,0.4841701770549734,1.126577330276127,1.784046458572468,2.412363456663646,0.9857785715679381
S_LFINF-DUM_H8,0.4864781656218241,1.154945905458796,1.859351782076869,2.544336387811796,1.095838166035413
S_LFINF-DUM_H9,0.4907480117963946,1.215250417394544,2.00416850877423,2.786892053502691,1.147148288593875
S_LFM-DUH_H1,0.5327524520437155,1.566521012226749,2.597216613147508,3.57238502411718,0.5089062939957196
S_LFM-DUH_H10,0.9834509969410339,3.973510400523759,8.13852030315603,12.9274461624925,1.357337364918775
S_LFM-DUH_H11,0.9662446256515765,4.320310757297581,9.325237412572264,15.32342367213309,1.415191701468534
S_LFM-DUH_H12,0.9851223109810205,5.005961426151114,11.53946744803154,19.78401057626839,1.536822203697567
S_LFM-DUH_H2,0.4880707265241696,1.539801985816847,2.638553557380402,3.705537664985856,0.7069541140218942
S_LFM-DUH_H3,0.5230942272145105,1.747755028339039,3.118906909303794,4.503226628238126,0.9149191470267813
S_LFM-DUH_H4,0.5384643997009009,2.111478822564968,4.126463506162886,6.325767601503634,1.109920725461998
S_LFM-DUH_H5,0.629847112331538,2.2052772006289,4.118936716149778,6.144992335957443,1.099138254217741
S_LFM-DUH_H6,0.7049354927413374,2.686716775631462,5.277990054828073,8.144271616032544,1.230905482589794
S_LFM-DUH_H7,0.7695158901643265,3.322718074085154,6.994836909508115,11.29601830261346,1.411503245410813
S_LFM-DUH_H8,0.8647376782650001,4.016122130138954,8.809273726525127,14.6179393685528,1.477143859916962
S_LFM-DUH_H9,0.9207142194026097,3.873862324348028,8.094555435933906,13.02255897155935,1.420206314158025
S_LFM-DUM_H1,0.4365428271955443,1.080926255519517,1.706538014679363,2.287916534233186,0.5138798199465451
S_LFM-DUM_H10,0.7766941170720186,2.62958016040405,5.157952029904894,8.042270367544749,1.479574276349623
S_LFM-DUM_H11,0.8017235149356993,2.745656470549946,5.421827199831047,8.491748504494641,1.4836391200205
S_LFM-DUM_H12,0.8429817862194813,3.312782360924814,7.058603406994616,11.62379093210717,1.666538969802011
S_LFM-DUM_H2,0.4118958353913285,1.065365514103329,1.719266521150605,2.337705818692705,0.7140222569139788
S_LFM-DUM_H3,0.4420898057284184,1.246816089624438,2.128931569957244,3.008415869041081,0.9349512211486921
S_LFM-DUM_H4,0.4409698396344583,1.2848833373274,2.258082131963697,3.258100901080244,1.072938362534374
S_LFM-DUM_H5,0.4934749371698173,1.414956309025904,2.488974661090196,3.599849130658003,1.113212616195321
S_LFM-DUM_H6,0.5605051173567536,1.678552866261778,3.04455830304033,4.4989301581618,1.269028755250633
S_LFM-DUM_H7,0.6038193997409892,1.965746924749297,3.751187747648241,5.736984896872509,1.418595176414744
S_LFM-DUM_H8,0.6245539066697182,2.009622383161647,3.823149646574166,5.839143195299345,1.431088430970272
S_LFM-DUM_H9,0.6946950208682255,2.283411321281068,4.403044044450258,6.787295959887341,1.451928435359133
S_LWAL-DUH_H1,0.6000534719015964,1.974210204008602,3.257145234452234,4.433499436283769,0.5190000663366667
S_LWAL-DUH_H10,0.4545536922163956,2.044281644363706,4.006063456573052,6.095433089117826,1.074121160741361
S_LWAL-DUH_H11,0.4946293196397781,2.131260826811137,4.105988508710189,6.183264699365452,1.094572992218385
S_LWAL-DUH_H12,0.508426873975409,2.159303078745826,4.124411236368256,6.175975760424193,1.084820747879433
S_LWAL-DUH_H2,0.4057449194737537,1.393605627463769,2.311117321597527,3.151028589596911,0.5092302225175164
S_LWAL-DUH_H3,0.3872723440876703,1.306725920450275,2.187226436176023,3.005143905059362,0.5907828940491173
S_LWAL-DUH_H4,0.3738533432929702,1.333965865283739,2.29946065321523,3.219485694321226,0.7004304705495404
S_LWAL-DUH_H5,0.4045625061996806,1.366769558982107,2.329251795629361,3.243307384827145,0.783658420431549
S_LWAL-DUH_H6,0.413575498091745,1.501776399755768,2.649629447820135,3.771247766990458,0.8944789438260752
S_LWAL-DUH_H7,0.432991138411103,1.636456987802242,2.958470720136646,4.279007690609587,0.9280612844480917
S_LWAL-DUH_H8,0.4413598299747874,1.725189888477704,3.167945174127325,4.627157415010431,0.9682397793455487
S_LWAL-DUH_H9,0.4331758493184406,1.914687290585299,3.727534213508115,5.649352708422768,1.042329777363691
S_LWAL-DUM_H1,0.4741602278966175,1.301212594021813,2.046068828036174,2.714023567830173,0.5469311236966597
S_LWAL-DUM_H10,0.3638105576869886,1.135870154990356,2.010755722029483,2.900283051596121,1.095681732016697
S_LWAL-DUM_H11,0.3788821872225434,1.184132521852633,2.096446130569984,3.023917139452284,1.103078781323891
S_LWAL-DUM_H12,0.3998184498617894,1.237149426365198,2.186894070537078,3.153082715368616,1.099409157175493
S_LWAL-DUM_H2,0.3198087459311355,0.8612299334142789,1.346745813039807,1.780958933672727,0.5288033563028118
S_LWAL-DUM_H3,0.3141630097854859,0.8172475960532332,1.287137593459012,1.715612855319921,0.6171980560142332
S_LWAL-DUM_H4,0.2942017106580908,0.7934267596506502,1.279891406045003,1.733829631873081,0.764399197320205
S_LWAL-DUM_H5,0.3164812791657482,0.8451080384135193,1.364697858935416,1.851683365435601,0.822260063096659
S_LWAL-DUM_H6,0.3427889749408397,0.9387737390358054,1.541214764490566,2.114766875975092,0.8745450831071597
S_LWAL-DUM_H7,0.3526638480160734,0.961864952461685,1.589828459216308,2.194131830351419,0.9146457463546299
S_LWAL-DUM_H8,0.3523903045938947,1.007727086342027,1.70682515542348,2.393074423779801,0.990318300083303
S_LWAL-DUM_H9,0.3563928825422558,1.06820395601929,1.853489827790992,2.63954155917409,1.058099572841164
W_LFM-DUH_H1,0.8876171886478968,1.315550493597922,1.755789102730128,2.168950229157763,0.4501312476006946
W_LFM-DUH_H2,0.8915041867592629,1.486592654282823,2.12761376397747,2.752585532842942,0.5934527401468882
W_LFM-DUH_H3,1.149863462118381,1.973816385902252,2.922168913763132,3.8896340256382,0.7208115545191025
W_LFM-DUH_H4,1.6163385104492,2.647549967236378,3.863626189041983,5.121424737165625,0.8596198968994149
W_LFM-DUH_H5,2.126336967341612,3.21602446170721,4.512380495856494,5.851089460504901,0.9234284108455414
W_LFM-DUH_H6,2.782844227765818,3.78670641491286,4.972083934561009,6.166577272636308,0.9299724813681801
W_LFM-DUL_H1,0.3937623600427176,0.6849878842274318,0.9665923334467246,1.224145631595977,0.5043816944648013
W_LFM-DUL_H2,0.4154784821590777,0.7973992168274339,1.175178014463308,1.527002433680232,0.6582408215372443
W_LFM-DUL_H3,0.4926906083849761,0.9089005512825917,1.333777144255205,1.736243408821906,0.7402795105096543
W_LFM-DUL_H4,0.5888647747837168,1.05520136364431,1.560311775790345,2.056273175092269,0.8879866031363359
W_LFM-DUL_H5,0.7370553577949837,1.231127010618155,1.78556496995745,2.34084985559014,0.9493614110892298
W_LFM-DUL_H6,0.9425772360533088,1.407112095276317,1.92853382655889,2.446189030277218,1.022107793821647
W_LFM-DUM_H1,0.6352867475197533,1.006173412770684,1.381575124495111,1.732326658875116,0.4990236367236416
W_LFM-DUM_H2,0.649094299470999,1.148025797388967,1.671830642829006,2.175731398928489,0.5797043218463539
W_LFM-DUM_H3,0.7971925550709673,1.438571279110679,2.152393806096882,2.865945579438661,0.7331510284331035
W_LFM-DUM_H4,1.046882804755448,1.851796608666331,2.791346682660508,3.760310103783061,0.846425841823666
W_LFM-DUM_H5,1.357388049731392,2.171332250827235,3.114825359214273,4.077812997829212,0.9229505344900005
W_LFM-DUM_H6,1.908082741907881,2.866045553087236,4.012640481010687,5.200311705723822,1.001658971134281
