Typology,Median_DS1,Median_DS2,Median_DS3,Median_DS4,Beta
CR_LDUAL-DUH_H1,2.944381729,33.29615104,100.2278359,199.7988654,4.494170953
CR_LDUAL-DUH_H10,1.376820145,1.985710568,2.619469891,3.216853678,0.674098783
CR_LDUAL-DUH_H11,1.625919868,2.153227871,2.70391022,3.217768133,0.665126706
CR_LDUAL-DUH_H12,1.671851749,2.219877017,2.793260112,3.32913973,0.667847218
CR_LDUAL-DUH_H2,0.42109422,2.378168396,4.958925509,7.803756992,2.08104984
CR_LDUAL-DUH_H3,0.386767887,1.549806518,2.952346831,4.428494747,1.516520312
CR_LDUAL-DUH_H4,0.415572519,1.314949892,2.334031197,3.370095268,1.171789236
CR_LDUAL-DUH_H5,0.482837555,1.339351158,2.289732871,3.24402215,0.933810987
CR_LDUAL-DUH_H6,0.607401883,1.410849144,2.277583352,3.132002064,0.838252564
CR_LDUAL-DUH_H7,0.757630323,1.53974733,2.370234886,3.178864071,0.772684319
CR_LDUAL-DUH_H8,0.934851116,1.652151399,2.399918549,3.116110473,0.714449608
CR_LDUAL-DUH_H9,1.139675403,1.811747744,2.512237001,3.178927158,0.693525693
CR_LDUAL-DUL_H1,0.297945529,1.181094143,2.0639734,2.903702701,2.1256239
CR_LDUAL-DUL_H10,0.780937215,1.178661395,1.583939073,1.962666777,0.694037132
CR_LDUAL-DUL_H11,0.934676963,1.310240099,1.69609392,2.05567168,0.707240964
CR_LDUAL-DUL_H12,0.963078085,1.340565469,1.725705013,2.082772459,0.716368978
CR_LDUAL-DUL_H2,0.15926639,0.627628731,1.071530196,1.482844742,1.309083857
CR_LDUAL-DUL_H3,0.179145856,0.634537686,1.079434045,1.497171295,0.971025653
CR_LDUAL-DUL_H4,0.221210244,0.657811795,1.0817079,1.477310369,0.85398795
CR_LDUAL-DUL_H5,0.260946389,0.677953587,1.085844106,1.466908263,0.762035826
CR_LDUAL-DUL_H6,0.323762632,0.737039129,1.142906389,1.521602191,0.734943263
CR_LDUAL-DUL_H7,0.402138224,0.820676492,1.241946833,1.639206452,0.716078217
CR_LDUAL-DUL_H8,0.50280798,0.924557196,1.350604922,1.75160341,0.702186115
CR_LDUAL-DUL_H9,0.630239637,1.036183946,1.444373662,1.82517785,0.689354054
CR_LDUAL-DUM_H1,0.779947683,5.308053744,12.1815379,20.37904574,3.45404675
CR_LDUAL-DUM_H10,1.016824331,1.542520763,2.077918855,2.578309559,0.688694246
CR_LDUAL-DUM_H11,1.227535392,1.712902074,2.210336033,2.672942014,0.680528408
CR_LDUAL-DUM_H12,1.266969445,1.770567642,2.28736834,2.768446686,0.685917342
CR_LDUAL-DUM_H2,0.245682157,1.114937984,2.052928735,2.981101669,1.64680983
CR_LDUAL-DUM_H3,0.248438217,0.955948393,1.727735902,2.495688269,1.220307919
CR_LDUAL-DUM_H4,0.290371529,0.930065676,1.608364249,2.272490934,0.972525583
CR_LDUAL-DUM_H5,0.364738463,0.992184506,1.636827732,2.255997293,0.853857453
CR_LDUAL-DUM_H6,0.438836134,1.056722238,1.692498492,2.302409114,0.792067961
CR_LDUAL-DUM_H7,0.542217424,1.148711527,1.770741906,2.364516424,0.755797987
CR_LDUAL-DUM_H8,0.679053293,1.261592593,1.852670461,2.410716987,0.722368595
CR_LDUAL-DUM_H9,0.831544037,1.393274071,1.965481558,2.504212267,0.70316578
CR_LFINF-CDH-0_H1,2.656368288,35.93727197,136.3891115,322.366287,3.90943272
CR_LFINF-CDH-0_H2,0.586682768,1.340349617,2.122817906,2.876543944,0.877988569
CR_LFINF-CDH-0_H3,0.600808655,1.173853773,1.737303565,2.260598277,0.706648964
CR_LFINF-CDH-0_H4,0.643054021,1.180379422,1.704909696,2.188658056,0.752775831
CR_LFINF-CDH-0_H5,0.672233187,1.226426862,1.77692392,2.289684327,0.809318307
CR_LFINF-CDH-0_H6,0.810986174,1.407206963,2.004382584,2.561958891,0.865026569
CR_LFINF-CDH-10_H1,2.656368288,35.93727197,136.3891115,322.366287,3.90943272
CR_LFINF-CDH-10_H2,0.580833301,1.357270111,2.167063317,2.949551487,0.884662895
CR_LFINF-CDH-10_H3,0.618978534,1.253760082,1.874505932,2.450013782,0.710475511
CR_LFINF-CDH-10_H4,0.691593493,1.364264347,2.021445647,2.629784801,0.747245988
CR_LFINF-CDH-10_H5,0.798402657,1.562534608,2.307038398,2.994893661,0.793969921
CR_LFINF-CDH-10_H6,0.948213015,1.908340415,2.85979771,3.748486784,0.854797354
CR_LFINF-CDH-15_H1,2.665055685,36.09617393,137.072643,324.1045864,3.911955047
CR_LFINF-CDH-15_H2,0.592103077,1.43796316,2.325918329,3.187817891,0.876629199
CR_LFINF-CDH-15_H3,0.658210887,1.429665862,2.17471859,2.862425594,0.715987368
CR_LFINF-CDH-15_H4,0.797076618,1.75145346,2.672731818,3.523224041,0.742145658
CR_LFINF-CDH-15_H5,0.93929048,2.063281866,3.168622191,4.199616996,0.769806381
CR_LFINF-CDH-15_H6,1.06323213,2.288383291,3.487713209,4.602764646,0.777606768
CR_LFINF-CDH-20_H1,2.735098619,39.85431168,157.6268732,382.8208642,4.029475866
CR_LFINF-CDH-20_H2,0.63031791,1.676373697,2.795746952,3.895749672,0.881513242
CR_LFINF-CDH-20_H3,0.746165385,1.70979504,2.662428234,3.554741419,0.694415912
CR_LFINF-CDH-20_H4,0.889030061,1.95808948,3.012528966,3.997764063,0.67649715
CR_LFINF-CDH-20_H5,1.011623636,2.233865251,3.449619788,4.591136678,0.711571539
CR_LFINF-CDH-20_H6,1.078371696,2.455574714,3.837331837,5.142214589,0.736176869
CR_LFINF-CDH-25_H1,2.874427311,46.11768481,191.6501326,480.5706744,4.21788348
CR_LFINF-CDH-25_H2,0.681513543,1.857578157,3.148152772,4.435462286,0.916181839
CR_LFINF-CDH-25_H3,0.818614401,1.95032033,3.112454341,4.225770508,0.713240933
CR_LFINF-CDH-25_H4,0.933818683,2.122150535,3.31808861,4.449405715,0.655253495
CR_LFINF-CDH-25_H5,1.039064826,2.339684541,3.642194502,4.870562909,0.670646109
CR_LFINF-CDH-25_H6,1.082034926,2.486904093,3.895664078,5.225961821,0.700676673
CR_LFINF-CDH-30_H1,2.814246045,41.7766123,166.2299981,405.0519035,3.884053661
CR_LFINF-CDH-30_H2,0.727816549,2.056672967,3.558396024,5.082878705,0.955614209
CR_LFINF-CDH-30_H3,0.863490028,2.145435338,3.499326932,4.818588706,0.73518915
CR_LFINF-CDH-30_H4,0.990878023,2.275456189,3.584990571,4.833248457,0.640832362
CR_LFINF-CDH-30_H5,1.07654209,2.456334615,3.854180841,5.181627081,0.64725439
CR_LFINF-CDH-30_H6,1.147911393,2.624515952,4.120425983,5.541080948,0.67822989
CR_LFINF-CDH-5_H1,2.656368288,35.93727197,136.3891115,322.366287,3.90943272
CR_LFINF-CDH-5_H2,0.586682768,1.340349617,2.122832299,2.876572731,0.877988569
CR_LFINF-CDH-5_H3,0.600930443,1.176803486,1.742700488,2.268120855,0.70691472
CR_LFINF-CDH-5_H4,0.644819816,1.18959859,1.723709377,2.217653466,0.750233205
CR_LFINF-CDH-5_H5,0.697694574,1.259669079,1.821476046,2.34650713,0.807997691
CR_LFINF-CDH-5_H6,0.81693905,1.398470123,1.98032665,2.522836757,0.842984857
CR_LFINF-CDL-0_H1,0.520527338,0.689624889,0.863345047,1.023885158,0.795685245
CR_LFINF-CDL-0_H2,0.402334507,0.529950343,0.659528238,0.778347415,0.671512934
CR_LFINF-CDL-0_H3,0.377084557,0.494591656,0.615279145,0.726620647,0.759214605
CR_LFINF-CDL-0_H4,0.41789499,0.528318588,0.642845628,0.748295161,0.851729348
CR_LFINF-CDL-0_H5,0.462204258,0.576876288,0.69567928,0.804669428,0.881525598
CR_LFINF-CDL-0_H6,0.4910111,0.644412431,0.804657268,0.953950826,1.005661227
CR_LFINF-CDL-10_H1,0.545460776,0.705546005,0.870600016,1.022775867,0.79673491
CR_LFINF-CDL-10_H2,0.422016315,0.547380573,0.675007118,0.791883668,0.683310853
CR_LFINF-CDL-10_H3,0.382610128,0.507070455,0.634732099,0.752616083,0.748801775
CR_LFINF-CDL-10_H4,0.393549324,0.500878918,0.612335771,0.71519003,0.78394452
CR_LFINF-CDL-10_H5,0.368837368,0.470395947,0.576582897,0.674987935,0.843352321
CR_LFINF-CDL-10_H6,0.408461301,0.507216279,0.610512105,0.705640863,0.860301143
CR_LFINF-CDL-15_H1,0.51947768,0.700869244,0.888002551,1.061896726,0.818715636
CR_LFINF-CDL-15_H2,0.396608484,0.541414748,0.687215761,0.820974642,0.671228255
CR_LFINF-CDL-15_H3,0.365979989,0.508548859,0.653399557,0.787319444,0.7142167
CR_LFINF-CDL-15_H4,0.362454315,0.483196374,0.608378463,0.724820319,0.758992827
CR_LFINF-CDL-15_H5,0.372594647,0.482606034,0.595614741,0.69963542,0.758231214
CR_LFINF-CDL-15_H6,0.393816126,0.497042724,0.605015211,0.704857482,0.826797189
CR_LFINF-CDL-20_H1,0.522971408,0.710543564,0.902440394,1.080037292,0.797440232
CR_LFINF-CDL-20_H2,0.402746467,0.567783667,0.735857776,0.891755368,0.667250674
CR_LFINF-CDL-20_H3,0.382266176,0.529754328,0.676711479,0.810931426,0.678212796
CR_LFINF-CDL-20_H4,0.379763397,0.49849829,0.618127524,0.72725461,0.696404509
CR_LFINF-CDL-20_H5,0.392392028,0.512023778,0.635847169,0.750484538,0.739372251
CR_LFINF-CDL-20_H6,0.386445108,0.494543754,0.605929471,0.708383914,0.766019471
CR_LFINF-CDL-25_H1,0.512508384,0.709614013,0.911468672,1.098901844,0.800585191
CR_LFINF-CDL-25_H2,0.400223521,0.589849638,0.782982042,0.963018673,0.676955225
CR_LFINF-CDL-25_H3,0.392803131,0.571869561,0.751118903,0.916234746,0.67925141
CR_LFINF-CDL-25_H4,0.394591691,0.527465517,0.660931066,0.782822433,0.679006889
CR_LFINF-CDL-25_H5,0.401004691,0.525622507,0.651348679,0.766096368,0.706069688
CR_LFINF-CDL-25_H6,0.413838586,0.531347236,0.651943213,0.762682119,0.726096399
CR_LFINF-CDL-30_H1,0.539349591,0.747671026,0.961538565,1.16044963,0.819445874
CR_LFINF-CDL-30_H2,0.391339378,0.597872199,0.806861356,1.001521939,0.688186656
CR_LFINF-CDL-30_H3,0.430001276,0.627460138,0.827081327,1.012110517,0.663542687
CR_LFINF-CDL-30_H4,0.426685063,0.562371166,0.698413573,0.822252406,0.673447285
CR_LFINF-CDL-30_H5,0.437646359,0.575376162,0.715362975,0.843742184,0.697295251
CR_LFINF-CDL-30_H6,0.429110511,0.553473793,0.680214636,0.796236263,0.723481297
CR_LFINF-CDL-5_H1,0.520707809,0.687734026,0.860193493,1.019959183,0.796836998
CR_LFINF-CDL-5_H2,0.406020527,0.528543088,0.653051967,0.76703774,0.677302749
CR_LFINF-CDL-5_H3,0.363673761,0.483445503,0.606957153,0.72141975,0.74793177
CR_LFINF-CDL-5_H4,0.377086408,0.479663734,0.586624422,0.685550227,0.814992499
CR_LFINF-CDL-5_H5,0.372925183,0.461975519,0.554224696,0.638692525,0.849177183
CR_LFINF-CDL-5_H6,0.398461617,0.493178729,0.592004717,0.682808109,0.86293746
CR_LFINF-CDM-0_H1,0.489424137,0.769171631,1.058260727,1.331673423,0.91185258
CR_LFINF-CDM-0_H2,0.424947537,0.575086267,0.730408112,0.875041599,0.673658895
CR_LFINF-CDM-0_H3,0.411030719,0.52701443,0.646412604,0.756219013,0.71709249
CR_LFINF-CDM-0_H4,0.453052372,0.58118925,0.714402526,0.837623502,0.802659522
CR_LFINF-CDM-0_H5,0.474204997,0.61112932,0.75194512,0.881507333,0.872265455
CR_LFINF-CDM-0_H6,0.512364517,0.688473592,0.869255091,1.036635145,0.952036321
CR_LFINF-CDM-10_H1,0.499831217,0.787983776,1.087561655,1.372050633,0.91141056
CR_LFINF-CDM-10_H2,0.416583461,0.5712816,0.731196022,0.880321279,0.674054997
CR_LFINF-CDM-10_H3,0.401366507,0.541799768,0.685535142,0.818478536,0.689229417
CR_LFINF-CDM-10_H4,0.485155367,0.640846191,0.801228783,0.949600247,0.766577978
CR_LFINF-CDM-10_H5,0.509832442,0.676848775,0.847424599,1.004575936,0.791448748
CR_LFINF-CDM-10_H6,0.58906705,0.778499609,0.97461703,1.156624974,0.828264028
CR_LFINF-CDM-15_H1,0.494797607,0.801447268,1.121713551,1.427335504,0.905472647
CR_LFINF-CDM-15_H2,0.420141991,0.581250378,0.747200838,0.901813753,0.676987412
CR_LFINF-CDM-15_H3,0.4592222,0.663970787,0.874291036,1.070980686,0.680534934
CR_LFINF-CDM-15_H4,0.557086911,0.806293518,1.062778973,1.302945796,0.713556235
CR_LFINF-CDM-15_H5,0.59739051,0.844709802,1.099249395,1.336970175,0.734922296
CR_LFINF-CDM-15_H6,0.653120049,0.89973954,1.156395652,1.396897803,0.780449594
CR_LFINF-CDM-20_H1,0.489952702,0.786747744,1.096547756,1.391853208,0.897939596
CR_LFINF-CDM-20_H2,0.436329444,0.625643807,0.81962122,1.000580791,0.694941872
CR_LFINF-CDM-20_H3,0.511924066,0.779678548,1.052372567,1.307299474,0.662543719
CR_LFINF-CDM-20_H4,0.577205361,0.86600625,1.162828957,1.441524223,0.6833277
CR_LFINF-CDM-20_H5,0.595547844,0.847864671,1.10644962,1.34751561,0.708976864
CR_LFINF-CDM-20_H6,0.64297249,0.875051556,1.11509113,1.338785958,0.743045689
CR_LFINF-CDM-25_H1,0.499732179,0.806359857,1.126624941,1.432166455,0.888315094
CR_LFINF-CDM-25_H2,0.439554062,0.665655913,0.897192225,1.114306385,0.749646672
CR_LFINF-CDM-25_H3,0.529174159,0.799297892,1.073376487,1.328852049,0.668377403
CR_LFINF-CDM-25_H4,0.594651828,0.893124479,1.19692467,1.48049896,0.656863002
CR_LFINF-CDM-25_H5,0.584739179,0.843886631,1.108697899,1.355507162,0.675008296
CR_LFINF-CDM-25_H6,0.551221908,0.740436229,0.935930782,1.117619068,0.717580494
CR_LFINF-CDM-30_H1,0.534825744,0.854387216,1.190066902,1.511245631,0.89549967
CR_LFINF-CDM-30_H2,0.484396625,0.768576509,1.062915718,1.341901616,0.823690794
CR_LFINF-CDM-30_H3,0.498002228,0.778093984,1.066118223,1.337564057,0.690722547
CR_LFINF-CDM-30_H4,0.600859258,0.935375781,1.276701093,1.596765136,0.654522573
CR_LFINF-CDM-30_H5,0.578847096,0.828635767,1.083778595,1.321285491,0.665153908
CR_LFINF-CDM-30_H6,0.499417901,0.64573262,0.796037817,0.934330534,0.677394473
CR_LFINF-CDM-5_H1,0.489424137,0.769171631,1.058260727,1.331673423,0.91185258
CR_LFINF-CDM-5_H2,0.424195601,0.573281298,0.727437664,0.870912844,0.673886411
CR_LFINF-CDM-5_H3,0.402239358,0.519771338,0.640802485,0.752314548,0.715476995
CR_LFINF-CDM-5_H4,0.428683509,0.550587337,0.676361294,0.792230883,0.787093234
CR_LFINF-CDM-5_H5,0.446901532,0.56752536,0.692170787,0.806809235,0.833475528
CR_LFINF-CDM-5_H6,0.516804165,0.667697747,0.825216281,0.971475618,0.922144363
CR_LFINF-CDN-0_H1,0.569617642,0.70494447,0.846607465,0.976978461,0.759093386
CR_LFINF-CDN-0_H2,0.412297441,0.548515634,0.686828181,0.813861916,0.68614373
CR_LFINF-CDN-0_H3,0.411353852,0.531144451,0.654899539,0.769097673,0.790943239
CR_LFINF-CDN-0_H4,0.462383157,0.582707751,0.708325532,0.824305632,0.900313177
CR_LFINF-CDN-0_H5,0.467379128,0.592697134,0.72255088,0.842131677,0.933498665
CR_LFINF-CDN-0_H6,0.53150281,0.688724535,0.851398343,1.001755127,0.978472458
CR_LFM-CDH-0_H1,2.707408666,7.846512989,16.08355315,26.72005526,2.060145908
CR_LFM-CDH-0_H2,0.976527438,1.581596794,2.187439663,2.750618938,0.697652467
CR_LFM-CDH-0_H3,0.960623205,1.596033498,2.228031063,2.814128611,0.82555702
CR_LFM-CDH-0_H4,0.960593984,1.670822518,2.396903653,3.083434543,0.965136408
CR_LFM-CDH-0_H5,1.009175594,1.807939464,2.654045929,3.473095983,1.153227246
CR_LFM-CDH-0_H6,1.106370811,2.035044666,3.035243112,4.014748419,1.28016207
CR_LFM-CDH-10_H1,2.707408666,7.846512989,16.08355315,26.72005526,2.060145908
CR_LFM-CDH-10_H2,0.971879695,1.573894444,2.176063643,2.735471198,0.698753624
CR_LFM-CDH-10_H3,0.956801006,1.608135512,2.24581063,2.832027522,0.778749302
CR_LFM-CDH-10_H4,1.019213678,1.813918791,2.615360316,3.367747223,0.877185252
CR_LFM-CDH-10_H5,1.194483017,2.126460258,3.086492202,3.999510723,0.946078881
CR_LFM-CDH-10_H6,1.424662259,2.482354351,3.587136877,4.645842971,1.004026019
CR_LFM-CDH-15_H1,2.70535492,7.84330147,16.08017784,26.71761338,2.060265721
CR_LFM-CDH-15_H2,0.96122561,1.573346493,2.182711482,2.747581667,0.701550423
CR_LFM-CDH-15_H3,1.01040528,1.766496816,2.520340773,3.222555327,0.7723063
CR_LFM-CDH-15_H4,1.234464084,2.116048233,2.996310469,3.816094005,0.805717941
CR_LFM-CDH-15_H5,1.423676407,2.438273665,3.465542824,4.43029898,0.841908552
CR_LFM-CDH-15_H6,1.63726313,2.811083073,4.019095372,5.165193216,0.863657649
CR_LFM-CDH-20_H1,2.719258854,7.896289516,16.2087649,26.955618,2.067486084
CR_LFM-CDH-20_H2,0.963023505,1.643344566,2.32374165,2.957852139,0.697788027
CR_LFM-CDH-20_H3,1.107535357,1.899516373,2.687767798,3.420466893,0.718611084
CR_LFM-CDH-20_H4,1.354998693,2.326864623,3.31527707,4.246222271,0.751243967
CR_LFM-CDH-20_H5,1.587452587,2.729120402,3.896743639,5.000353797,0.779035375
CR_LFM-CDH-20_H6,1.864476449,3.207752094,4.611718396,5.956791577,0.809536212
CR_LFM-CDH-25_H1,2.724109635,7.959680635,16.39487244,27.32521884,2.078685136
CR_LFM-CDH-25_H2,1.027164361,1.838787337,2.67165496,3.462104881,0.714127853
CR_LFM-CDH-25_H3,1.236692561,2.101745425,2.972073678,3.785945312,0.666329429
CR_LFM-CDH-25_H4,1.478416496,2.504634192,3.549874568,4.534499891,0.691289801
CR_LFM-CDH-25_H5,1.714962327,2.965119992,4.270078016,5.519606981,0.720706607
CR_LFM-CDH-25_H6,2.066262687,3.549794305,5.12267255,6.643116531,0.76767055
CR_LFM-CDH-30_H1,2.855107477,8.562166423,17.93847096,30.25575369,2.137005426
CR_LFM-CDH-30_H2,1.114019865,2.038291349,3.006363871,3.937689201,0.740622494
CR_LFM-CDH-30_H3,1.364312181,2.333745104,3.324147732,4.259385273,0.654877695
CR_LFM-CDH-30_H4,1.634653993,2.773116963,3.943511904,5.052476582,0.651288454
CR_LFM-CDH-30_H5,1.863538086,3.188865562,4.588703932,5.938359248,0.686754734
CR_LFM-CDH-30_H6,2.120987417,3.473355881,4.887795874,6.239653059,0.732474287
CR_LFM-CDH-5_H1,2.707408666,7.846512989,16.08355315,26.72005526,2.060145908
CR_LFM-CDH-5_H2,0.976573548,1.58162248,2.187444458,2.75059767,0.697632481
CR_LFM-CDH-5_H3,0.96139513,1.595590039,2.226481948,2.811575767,0.825010721
CR_LFM-CDH-5_H4,0.957533839,1.674642149,2.406934988,3.099043576,0.94705356
CR_LFM-CDH-5_H5,0.984613365,1.786860101,2.63204519,3.447855766,1.091494956
CR_LFM-CDH-5_H6,1.086894664,2.005543219,2.986134576,3.941117069,1.20334941
CR_LFM-CDL-0_H1,0.711358167,1.027948272,1.3487302,1.646187998,0.705740734
CR_LFM-CDL-0_H2,0.516749953,0.703464518,0.892752029,1.067036869,0.768863641
CR_LFM-CDL-0_H3,0.521946209,0.718074338,0.918774553,1.104895021,0.874537262
CR_LFM-CDL-0_H4,0.608556226,0.809220366,1.014944456,1.204957563,0.949401711
CR_LFM-CDL-0_H5,0.683217237,0.914662577,1.153473749,1.375141347,1.025164672
CR_LFM-CDL-0_H6,0.816495166,1.111217626,1.41671449,1.701779423,1.107512019
CR_LFM-CDL-10_H1,0.733886716,1.049983553,1.370471949,1.667448466,0.705829227
CR_LFM-CDL-10_H2,0.517961721,0.696532809,0.877097377,1.042806427,0.7644992
CR_LFM-CDL-10_H3,0.446649329,0.621595449,0.799001379,0.962860679,0.796522438
CR_LFM-CDL-10_H4,0.525653008,0.663276419,0.805505252,0.936135169,0.820165679
CR_LFM-CDL-10_H5,0.462873867,0.569549885,0.679053786,0.778652003,0.838599444
CR_LFM-CDL-10_H6,0.590327705,0.726324398,0.867526942,0.99671863,0.901706222
CR_LFM-CDL-15_H1,0.721653895,1.0415935,1.365731519,1.666227227,0.704484199
CR_LFM-CDL-15_H2,0.440733188,0.625165993,0.80986494,0.979553472,0.724077648
CR_LFM-CDL-15_H3,0.383714264,0.559879179,0.734886108,0.895392485,0.740039813
CR_LFM-CDL-15_H4,0.422444077,0.54508087,0.669523665,0.783169337,0.760062985
CR_LFM-CDL-15_H5,0.392658969,0.524208642,0.659367672,0.78444522,0.77214098
CR_LFM-CDL-15_H6,0.489079496,0.60946406,0.733871299,0.847803449,0.815946939
CR_LFM-CDL-20_H1,0.699763232,1.026005943,1.356700831,1.663874111,0.703621675
CR_LFM-CDL-20_H2,0.370161256,0.589191062,0.805417129,1.004448892,0.675242159
CR_LFM-CDL-20_H3,0.374020753,0.576811633,0.775910258,0.958117064,0.712932259
CR_LFM-CDL-20_H4,0.397925368,0.549896117,0.703126807,0.844041131,0.750819098
CR_LFM-CDL-20_H5,0.375342418,0.516821195,0.659828185,0.791474426,0.742446013
CR_LFM-CDL-20_H6,0.462934231,0.583289119,0.70750277,0.821467278,0.772357869
CR_LFM-CDL-25_H1,0.679897213,1.003404398,1.329962071,1.632726291,0.707210745
CR_LFM-CDL-25_H2,0.332991838,0.582590257,0.830408982,1.060689638,0.666834864
CR_LFM-CDL-25_H3,0.380380482,0.622444321,0.862288832,1.083971303,0.69955461
CR_LFM-CDL-25_H4,0.422629862,0.582568796,0.742517584,0.888837539,0.70980648
CR_LFM-CDL-25_H5,0.377314743,0.536760054,0.694845173,0.839254116,0.725937598
CR_LFM-CDL-25_H6,0.472466548,0.607895934,0.746558913,0.873769608,0.758832023
CR_LFM-CDL-30_H1,0.635224966,0.972391856,1.310106678,1.622753804,0.715244191
CR_LFM-CDL-30_H2,0.293588963,0.571927135,0.84803184,1.105758503,0.690833251
CR_LFM-CDL-30_H3,0.408874157,0.681516092,0.954408869,1.208491136,0.679864567
CR_LFM-CDL-30_H4,0.450931867,0.637184358,0.823958224,0.995627079,0.69748309
CR_LFM-CDL-30_H5,0.40675183,0.586085105,0.764292657,0.927534269,0.702742711
CR_LFM-CDL-30_H6,0.519445161,0.680281081,0.84495141,0.996528938,0.73603633
CR_LFM-CDL-5_H1,0.710518921,1.025565914,1.343850797,1.638422708,0.70414697
CR_LFM-CDL-5_H2,0.507139608,0.690060417,0.875650696,1.046609088,0.753868739
CR_LFM-CDL-5_H3,0.50161632,0.651105408,0.806724184,0.95111437,0.834344442
CR_LFM-CDL-5_H4,0.50680534,0.625357524,0.748459248,0.861191022,0.852480581
CR_LFM-CDL-5_H5,0.509584003,0.604937871,0.705141648,0.796325,0.898812321
CR_LFM-CDL-5_H6,0.617258036,0.739229384,0.868760871,0.987573455,0.975100752
CR_LFM-CDM-0_H1,0.701809834,1.058494769,1.427358467,1.775234743,0.766274456
CR_LFM-CDM-0_H2,0.557649491,0.789031911,1.02521027,1.244690392,0.71654841
CR_LFM-CDM-0_H3,0.555180895,0.814895172,1.079687106,1.326559531,0.805747352
CR_LFM-CDM-0_H4,0.605436832,0.915582426,1.233580721,1.531941038,0.920905809
CR_LFM-CDM-0_H5,0.670380177,1.043405065,1.429007646,1.793525242,1.038854804
CR_LFM-CDM-0_H6,0.75061552,1.157991331,1.581634605,1.983328193,1.125472029
CR_LFM-CDM-10_H1,0.700007303,1.055889358,1.423964763,1.771115908,0.765226264
CR_LFM-CDM-10_H2,0.550661913,0.781363198,1.018461576,1.239803475,0.709319732
CR_LFM-CDM-10_H3,0.541871325,0.781686971,1.024868942,1.250422605,0.767692907
CR_LFM-CDM-10_H4,0.640499159,0.945852102,1.257366153,1.548077638,0.811149692
CR_LFM-CDM-10_H5,0.76024269,1.122765483,1.496006585,1.846320525,0.82187405
CR_LFM-CDM-10_H6,0.856233207,1.214512154,1.586268653,1.935338369,0.857706087
CR_LFM-CDM-15_H1,0.69996806,1.055675216,1.423811824,1.771149337,0.765875842
CR_LFM-CDM-15_H2,0.544258921,0.791758155,1.047284434,1.287164213,0.690398225
CR_LFM-CDM-15_H3,0.552924529,0.871047844,1.193007081,1.493672269,0.713940944
CR_LFM-CDM-15_H4,0.711004095,1.102235715,1.500330851,1.87286251,0.751890782
CR_LFM-CDM-15_H5,0.79728796,1.182436146,1.578766053,1.95080133,0.794518702
CR_LFM-CDM-15_H6,0.824992738,1.117516541,1.42051144,1.702919967,0.805034724
CR_LFM-CDM-20_H1,0.688828681,1.04428215,1.410994278,1.756469775,0.773837849
CR_LFM-CDM-20_H2,0.433709463,0.741628621,1.052764775,1.344584248,0.675791697
CR_LFM-CDM-20_H3,0.627797501,1.038122345,1.452356964,1.839892168,0.68569942
CR_LFM-CDM-20_H4,0.752291434,1.178669734,1.614523723,2.023878545,0.726074324
CR_LFM-CDM-20_H5,0.776722337,1.143182384,1.521177695,1.876246833,0.739933791
CR_LFM-CDM-20_H6,0.800695119,1.090118731,1.392625359,1.676343553,0.784020232
CR_LFM-CDM-25_H1,0.668346447,1.046250004,1.437497291,1.807853008,0.793457693
CR_LFM-CDM-25_H2,0.43328763,0.811634673,1.195420548,1.557852563,0.702596225
CR_LFM-CDM-25_H3,0.631061496,1.069030139,1.513780088,1.931970429,0.671591484
CR_LFM-CDM-25_H4,0.757986517,1.179098423,1.606526103,2.005995231,0.682782392
CR_LFM-CDM-25_H5,0.729778812,1.056131529,1.392990394,1.708983079,0.713685294
CR_LFM-CDM-25_H6,0.683816994,0.939120277,1.204405866,1.452651533,0.71519217
CR_LFM-CDM-30_H1,0.608708725,1.023893085,1.460157837,1.879027273,0.837382356
CR_LFM-CDM-30_H2,0.501152102,0.968153177,1.447512192,1.903955942,0.732915324
CR_LFM-CDM-30_H3,0.589773376,1.027366515,1.466857441,1.87796589,0.681310435
CR_LFM-CDM-30_H4,0.761642865,1.195208322,1.633620844,2.042669914,0.666469118
CR_LFM-CDM-30_H5,0.716331241,1.031628584,1.354106482,1.654739199,0.680745269
CR_LFM-CDM-30_H6,0.562381947,0.774186153,0.990303212,1.190390573,0.680395392
CR_LFM-CDM-5_H1,0.700582659,1.056666223,1.424913272,1.772192432,0.765619132
CR_LFM-CDM-5_H2,0.557328829,0.789006725,1.025489532,1.245255436,0.71646387
CR_LFM-CDM-5_H3,0.551029807,0.810329187,1.075043205,1.322078323,0.804277313
CR_LFM-CDM-5_H4,0.59460847,0.882651422,1.177031804,1.45220803,0.886430218
CR_LFM-CDM-5_H5,0.651433799,0.961153714,1.279373216,1.577630787,0.956047793
CR_LFM-CDM-5_H6,0.731954491,1.092375701,1.465746596,1.817897673,1.053853853
CR_LFM-CDN-0_H1,0.675498297,0.963402098,1.256295549,1.528179345,0.692603655
CR_LFM-CDN-0_H2,0.505600343,0.699974466,0.896064088,1.076496521,0.793073549
CR_LFM-CDN-0_H3,0.51222623,0.725337212,0.941299712,1.141119767,0.890842431
CR_LFM-CDN-0_H4,0.622951096,0.865970424,1.116966713,1.351369982,0.978012558
CR_LFM-CDN-0_H5,0.687919277,0.959301017,1.238945447,1.499839509,1.087407508
CR_LFM-CDN-0_H6,0.834835749,1.18588342,1.552198701,1.897426552,1.164155638
CR_LWAL-DUH_H1,4.738622367,72.42878088,254.2225586,559.3495273,4.641294903
CR_LWAL-DUH_H10,1.525463714,2.088717414,2.684247014,3.247194156,0.67030213
CR_LWAL-DUH_H11,1.814163832,2.296609942,2.810780111,3.291460845,0.642945938
CR_LWAL-DUH_H12,2.113139908,2.493286061,2.904062767,3.281382992,0.634792082
CR_LWAL-DUH_H2,0.491365577,3.830174905,8.916046622,14.97029684,2.578880559
CR_LWAL-DUH_H3,0.485232185,2.618484828,5.85099614,9.734887866,2.145022238
CR_LWAL-DUH_H4,0.515619998,1.921613915,3.817410952,5.957086794,1.461015209
CR_LWAL-DUH_H5,0.571103594,1.615024875,2.877138616,4.212932606,1.098258113
CR_LWAL-DUH_H6,0.700851729,1.60237342,2.622991319,3.659425414,0.907677865
CR_LWAL-DUH_H7,0.852644689,1.660687218,2.547130051,3.427067218,0.795945676
CR_LWAL-DUH_H8,1.057015433,1.788738386,2.572891948,3.33553,0.732755002
CR_LWAL-DUH_H9,1.282574559,1.945786221,2.652440703,3.331923836,0.694307411
CR_LWAL-DUL_H1,0.298776962,1.719533557,3.175102351,4.579519658,2.349867918
CR_LWAL-DUL_H10,0.801741516,1.184459359,1.573550365,1.935906985,0.676782813
CR_LWAL-DUL_H11,0.964938831,1.321129311,1.685849999,2.023975102,0.680557457
CR_LWAL-DUL_H12,1.14702279,1.46967123,1.803699114,2.111831685,0.690944121
CR_LWAL-DUL_H2,0.151574587,0.685147019,1.180810562,1.636764831,1.447892922
CR_LWAL-DUL_H3,0.211174593,0.697386558,1.177209201,1.629624264,1.175553606
CR_LWAL-DUL_H4,0.228681882,0.703461364,1.189255274,1.655584407,0.915401529
CR_LWAL-DUL_H5,0.28534119,0.735375051,1.183798556,1.606881142,0.801103628
CR_LWAL-DUL_H6,0.34418459,0.791681078,1.245225965,1.676131456,0.748640898
CR_LWAL-DUL_H7,0.426936973,0.858897919,1.295468931,1.707948343,0.707589446
CR_LWAL-DUL_H8,0.528959331,0.945617678,1.366616287,1.762391377,0.686572262
CR_LWAL-DUL_H9,0.655911418,1.055114692,1.458242764,1.834743118,0.679795737
CR_LWAL-DUM_H1,0.965852084,9.119765889,23.00337414,40.57693074,3.572784822
CR_LWAL-DUM_H10,1.143031572,1.666450638,2.209748893,2.721590367,0.655872398
CR_LWAL-DUM_H11,1.371328817,1.848141298,2.34840416,2.817913372,0.642174371
CR_LWAL-DUM_H12,1.600140885,1.997591723,2.417115045,2.805864649,0.639314206
CR_LWAL-DUM_H2,0.24264669,1.555707468,3.133545161,4.782795056,2.053189632
CR_LWAL-DUM_H3,0.29854864,1.224843053,2.303604562,3.416319333,1.52917178
CR_LWAL-DUM_H4,0.335562444,1.12670952,2.048018459,2.999596621,1.170600353
CR_LWAL-DUM_H5,0.41342862,1.132487284,1.916958214,2.696787416,0.938174654
CR_LWAL-DUM_H6,0.498649788,1.191430854,1.94304598,2.686816193,0.823028469
CR_LWAL-DUM_H7,0.631976339,1.306224152,2.022446777,2.720288667,0.755535126
CR_LWAL-DUM_H8,0.788172215,1.407783776,2.053647513,2.672504441,0.69891948
CR_LWAL-DUM_H9,0.94720548,1.526329399,2.129770545,2.704538619,0.675299422
MCF_LWAL-DUH_H1,1.214868377,5.261308032,11.56124443,19.34317242,3.22927845
MCF_LWAL-DUH_H2,0.387274797,1.411136285,2.657176601,3.977241537,1.704958395
MCF_LWAL-DUH_H3,0.322512167,0.990570698,1.730653179,2.473276654,1.14851583
MCF_LWAL-DUH_H4,0.372661778,0.945139185,1.551375636,2.143193608,0.877674504
MCF_LWAL-DUH_H5,0.442797025,1.00403928,1.592117121,2.161582607,0.818487569
MCF_LWAL-DUH_H6,0.538529875,1.085672009,1.657005757,2.207506215,0.762221268
MCF_LWAL-DUL_H1,0.227718792,0.607713762,0.970267315,1.304761452,2.026970125
MCF_LWAL-DUL_H2,0.168206623,0.557839758,0.947511504,1.317452309,1.180431782
MCF_LWAL-DUL_H3,0.191183036,0.550371977,0.903798923,1.235739926,0.876755338
MCF_LWAL-DUL_H4,0.220525426,0.566261811,0.912113739,1.239101421,0.746386873
MCF_LWAL-DUL_H5,0.266072407,0.602056604,0.937499682,1.253342076,0.714074506
MCF_LWAL-DUL_H6,0.335811953,0.672010268,1.012496389,1.334526085,0.706224336
MCF_LWAL-DUM_H1,0.533494247,1.926263655,3.713683558,5.670160292,2.687730123
MCF_LWAL-DUM_H2,0.262259076,0.872015485,1.531502582,2.184476499,1.491458038
MCF_LWAL-DUM_H3,0.251174832,0.742094292,1.261065878,1.768044943,0.981962107
MCF_LWAL-DUM_H4,0.304992848,0.7849427,1.275637153,1.745243472,0.835628949
MCF_LWAL-DUM_H5,0.358147967,0.826511649,1.306504515,1.765486881,0.757084735
MCF_LWAL-DUM_H6,0.430242122,0.902099412,1.389513587,1.856633817,0.72188239
MR_LWAL-DUH_H1,0.283510918,1.135170082,2.089859039,3.054047722,1.802366544
MR_LWAL-DUH_H2,0.225850763,0.81233773,1.466219098,2.124753061,1.227751419
MR_LWAL-DUH_H3,0.259371907,0.787876937,1.340607307,1.877493499,0.911088632
MR_LWAL-DUH_H4,0.299226869,0.833357455,1.378817893,1.901180959,0.823027628
MR_LWAL-DUH_H5,0.366482324,0.906828281,1.464416187,2.000470677,0.765981945
MR_LWAL-DUL_H1,0.159111119,0.507861792,0.833754034,1.132513182,1.533070363
MR_LWAL-DUL_H2,0.165407516,0.501596216,0.830331342,1.138369309,1.001633233
MR_LWAL-DUL_H3,0.186791168,0.528551143,0.872893153,1.200323235,0.80579347
MR_LWAL-DUL_H4,0.213242423,0.552505237,0.894978936,1.220459309,0.731674591
MR_LWAL-DUL_H5,0.265005463,0.603568732,0.945569555,1.269796948,0.722174857
MR_LWAL-DUM_H1,0.222595223,0.758096519,1.322892177,1.874534978,1.564761534
MR_LWAL-DUM_H2,0.188585549,0.643340508,1.128864737,1.606239435,1.120259065
MR_LWAL-DUM_H3,0.222390492,0.680873099,1.149198563,1.598340536,0.884437258
MR_LWAL-DUM_H4,0.256456678,0.720074935,1.196476038,1.654321804,0.777187107
MR_LWAL-DUM_H5,0.314480208,0.787764966,1.276694791,1.747143911,0.729362426
MUR-ADO_LWAL-DNO_H1,0.095036225,0.255232144,0.389218595,0.505136232,1.273471547
MUR-ADO_LWAL-DNO_H2,0.10506921,0.289885,0.462638748,0.620484467,0.845858055
MUR-ADO_LWAL-DNO_H3,0.108847286,0.306536386,0.497759489,0.67567579,0.751445851
MUR-CB99_LWAL-DNO_H1,0.139850639,0.399146361,0.636218177,0.850641635,1.428938289
MUR-CB99_LWAL-DNO_H2,0.154150298,0.43164878,0.699049093,0.947316321,0.9428896
MUR-CB99_LWAL-DNO_H3,0.173640288,0.455134023,0.734728778,0.99816129,0.765530503
MUR-CB99_LWAL-DNO_H4,0.202097945,0.490607524,0.7799992,1.053682113,0.714349982
MUR-CB99_LWAL-DNO_H5,0.25262306,0.548090961,0.847970491,1.132670931,0.709449376
MUR-CL99_LWAL-DNO_H1,0.122927438,0.305901841,0.472389549,0.621980135,1.290539665
MUR-CL99_LWAL-DNO_H2,0.129284211,0.342280704,0.544407385,0.730329177,0.898476362
MUR-CL99_LWAL-DNO_H3,0.144836399,0.370695946,0.592339352,0.799697197,0.761973383
MUR-CL99_LWAL-DNO_H4,0.175115453,0.407470224,0.639036718,0.857015955,0.724405263
MUR-CL99_LWAL-DNO_H5,0.21866923,0.455086062,0.69217142,0.915410321,0.713235752
MUR-STDRE_LWAL-DNO_H1,0.119842548,0.295780834,0.46026802,0.610095027,1.267159353
MUR-STDRE_LWAL-DNO_H2,0.11816509,0.329391604,0.524797995,0.702459315,0.940965831
MUR-STDRE_LWAL-DNO_H3,0.134491048,0.356425667,0.57153936,0.771623525,0.779878598
MUR-STDRE_LWAL-DNO_H4,0.167363606,0.393377951,0.617696066,0.828419451,0.728136074
MUR-STDRE_LWAL-DNO_H5,0.210085518,0.441685222,0.674784172,0.894804566,0.710169523
MUR-STRUB_LWAL-DNO_H1,0.095499684,0.274372664,0.430636493,0.568925512,1.353572015
MUR-STRUB_LWAL-DNO_H2,0.114279744,0.312864773,0.497535345,0.665794379,0.916609668
MUR-STRUB_LWAL-DNO_H3,0.133187839,0.339200007,0.538587849,0.723718984,0.778530949
MUR-STRUB_LWAL-DNO_H4,0.152504875,0.364971358,0.575786366,0.773886907,0.728736929
MUR-STRUB_LWAL-DNO_H5,0.196490768,0.409945411,0.624625404,0.82712493,0.70979496
MUR_LWAL-DNO_H1,0.131282466,0.361162174,0.578179815,0.777460776,1.415644712
MUR_LWAL-DNO_H2,0.137494132,0.384133998,0.619384394,0.836637689,0.957760158
MUR_LWAL-DNO_H3,0.152748081,0.407197252,0.655163339,0.886499624,0.790100037
MUR_LWAL-DNO_H4,0.183238287,0.439516227,0.693132468,0.93111818,0.728744383
MUR_LWAL-DNO_H5,0.235330328,0.490511139,0.747615938,0.990378375,0.708278405
S_LFBR-DUH_H1,0.47482595,6.891872749,24.66694684,55.29605664,3.440486969
S_LFBR-DUH_H10,0.872493123,2.188966228,3.538993844,4.832601414,0.785014009
S_LFBR-DUH_H11,0.904711862,2.270640352,3.672661312,5.016812714,0.807141762
S_LFBR-DUH_H12,0.951494756,2.441466322,3.994874536,5.498002339,0.839719247
S_LFBR-DUH_H2,0.410528746,2.016991145,4.307580812,6.963975211,1.196210341
S_LFBR-DUH_H3,0.474735632,1.657252095,3.051202245,4.500867764,0.811710636
S_LFBR-DUH_H4,0.55113381,1.569821695,2.645800536,3.696043209,0.668191697
S_LFBR-DUH_H5,0.597944921,1.604803687,2.647437529,3.653123567,0.617671216
S_LFBR-DUH_H6,0.644832486,1.626964623,2.616331729,3.555036609,0.665171351
S_LFBR-DUH_H7,0.683957168,1.709553759,2.7467756,3.732834614,0.692659515
S_LFBR-DUH_H8,0.750029186,1.871816564,3.012413026,4.09998379,0.716647413
S_LFBR-DUH_H9,0.815373225,2.054804422,3.328008303,4.549307577,0.776467213
S_LFBR-DUM_H1,0.33190988,2.351846922,6.411627028,12.24380565,2.926137881
S_LFBR-DUM_H10,0.719635106,1.551007466,2.388161911,3.179158319,0.801060928
S_LFBR-DUM_H11,0.739550966,1.57726977,2.414834675,3.202737081,0.819438378
S_LFBR-DUM_H12,0.789090297,1.694489711,2.604301202,3.462830491,0.842048494
S_LFBR-DUM_H2,0.323025461,1.16711391,2.253612325,3.445131932,1.140190381
S_LFBR-DUM_H3,0.377045838,1.047839795,1.791827744,2.538672542,0.796465828
S_LFBR-DUM_H4,0.455870577,1.129846189,1.838348401,2.526821855,0.670275869
S_LFBR-DUM_H5,0.491513316,1.132120005,1.784594043,2.406266919,0.629489772
S_LFBR-DUM_H6,0.541355741,1.185615549,1.827968702,2.431770945,0.673180862
S_LFBR-DUM_H7,0.573373868,1.228225747,1.877370131,2.485112919,0.693900085
S_LFBR-DUM_H8,0.627044964,1.335749225,2.039868041,2.699814123,0.726036584
S_LFBR-DUM_H9,0.674772653,1.45834393,2.247843112,2.99413325,0.781760422
S_LFINF-DUH_H1,0.747698698,5.337065129,13.11465301,23.04423608,3.349207054
S_LFINF-DUH_H10,0.654697233,1.561255278,2.403936258,3.168350565,0.726950712
S_LFINF-DUH_H11,0.688373963,1.635640572,2.515902923,3.314187461,0.742842195
S_LFINF-DUH_H12,0.733931465,1.698697892,2.579815972,3.370962982,0.754274154
S_LFINF-DUH_H2,0.368733835,1.600229687,3.131714953,4.770988755,1.989064171
S_LFINF-DUH_H3,0.383134735,1.358641636,2.43818626,3.520915773,1.328202919
S_LFINF-DUH_H4,0.416367742,1.264398558,2.140303956,2.985308877,1.006255623
S_LFINF-DUH_H5,0.451555838,1.272173571,2.096400177,2.878760008,0.889619465
S_LFINF-DUH_H6,0.523517282,1.347152372,2.13820614,2.869898667,0.816423543
S_LFINF-DUH_H7,0.575258101,1.405197778,2.183716148,2.893856557,0.748659587
S_LFINF-DUH_H8,0.611068403,1.488914473,2.316402967,3.073092407,0.728385308
S_LFINF-DUH_H9,0.627017005,1.497105189,2.30439441,3.036029866,0.707695936
S_LFINF-DUM_H1,0.376637105,1.271582293,2.336267883,3.449924452,2.941737196
S_LFINF-DUM_H10,0.556780561,1.134205126,1.679505701,2.175406037,0.696905953
S_LFINF-DUM_H11,0.5838578,1.204625533,1.796397943,2.33765027,0.713493984
S_LFINF-DUM_H12,0.628080454,1.304225567,1.951859252,2.545920432,0.731554795
S_LFINF-DUM_H2,0.259249063,0.775570929,1.34135706,1.90549055,1.837581641
S_LFINF-DUM_H3,0.291227508,0.799526274,1.342629107,1.876039206,1.281109712
S_LFINF-DUM_H4,0.323105596,0.797127607,1.279054254,1.738447262,0.94616719
S_LFINF-DUM_H5,0.367500451,0.850291651,1.329611569,1.779773986,0.84207059
S_LFINF-DUM_H6,0.419184426,0.947301103,1.470658986,1.961352621,0.803682458
S_LFINF-DUM_H7,0.466025004,1.016665344,1.554478492,2.054090523,0.745763472
S_LFINF-DUM_H8,0.500126777,1.032413721,1.538900464,2.001683827,0.730895712
S_LFINF-DUM_H9,0.528227673,1.064748864,1.567483216,2.022508493,0.694854443
S_LFM-DUH_H1,0.335520486,2.595171357,6.770705372,12.39469464,2.152248797
S_LFM-DUH_H10,0.915841872,2.387832438,3.905672954,5.365602057,0.879641355
S_LFM-DUH_H11,0.942679204,2.589922207,4.35286224,6.085989283,0.954259432
S_LFM-DUH_H12,0.976793454,2.727097987,4.621424606,6.496032468,1.017088449
S_LFM-DUH_H2,0.387800017,1.542640522,2.946847927,4.431999769,0.880406006
S_LFM-DUH_H3,0.493890252,1.491783697,2.536223097,3.551113826,0.681931684
S_LFM-DUH_H4,0.548546116,1.526988937,2.522661089,3.474319658,0.634687862
S_LFM-DUH_H5,0.611122876,1.617882931,2.628699744,3.58689895,0.684192214
S_LFM-DUH_H6,0.683383214,1.773905058,2.870752542,3.91111691,0.714898979
S_LFM-DUH_H7,0.749802039,1.952887802,3.178612044,4.349621316,0.788209774
S_LFM-DUH_H8,0.812982991,2.105008404,3.424466649,4.686559049,0.796833951
S_LFM-DUH_H9,0.859208488,2.192375136,3.544573452,4.832696192,0.835677027
S_LFM-DUM_H1,0.253289184,1.218788411,2.688878578,4.468840215,1.912329194
S_LFM-DUM_H10,0.765694789,1.712116682,2.670532368,3.579997765,0.900953489
S_LFM-DUM_H11,0.794579352,1.813897102,2.862539302,3.867261913,0.962304607
S_LFM-DUM_H12,0.835596605,1.939494932,3.088985143,4.198536069,1.026991541
S_LFM-DUM_H2,0.314495523,0.985795852,1.752521311,2.535691721,0.850101013
S_LFM-DUM_H3,0.41325325,1.09221024,1.803486132,2.49392502,0.679104334
S_LFM-DUM_H4,0.455526245,1.095491698,1.73994461,2.350622954,0.642129381
S_LFM-DUM_H5,0.50886385,1.168432884,1.824549294,2.441304803,0.688967388
S_LFM-DUM_H6,0.575161277,1.282810821,1.982789814,2.638148434,0.739022066
S_LFM-DUM_H7,0.625527185,1.403991119,2.185691452,2.92396306,0.803124798
S_LFM-DUM_H8,0.656997035,1.449240289,2.239825875,2.983474204,0.82689896
S_LFM-DUM_H9,0.710189317,1.560483687,2.409429337,3.208110862,0.851978555
S_LWAL-DUH_H1,0.359457352,6.316475936,21.07792081,44.27178079,3.556098404
S_LWAL-DUH_H10,0.467849372,1.528690629,2.596653598,3.61383165,0.653557436
S_LWAL-DUH_H11,0.500327116,1.581691013,2.651714123,3.661269041,0.678193389
S_LWAL-DUH_H12,0.511750586,1.624000453,2.722726904,3.758516646,0.693488883
S_LWAL-DUH_H2,0.219884408,1.968194857,4.833707459,8.383371497,1.979999386
S_LWAL-DUH_H3,0.249470224,1.430987136,2.998839643,4.732865608,1.212098152
S_LWAL-DUH_H4,0.273835408,1.317041416,2.579801167,3.908883405,0.932994856
S_LWAL-DUH_H5,0.319161296,1.27147822,2.329049911,3.391701531,0.803542371
S_LWAL-DUH_H6,0.355843454,1.327393127,2.369880082,3.398021894,0.743287537
S_LWAL-DUH_H7,0.402512909,1.396916329,2.431303287,3.434275542,0.691578597
S_LWAL-DUH_H8,0.422174301,1.416773132,2.430593904,3.402838264,0.645668513
S_LWAL-DUH_H9,0.444139125,1.472049652,2.518835915,3.522057484,0.633246262
S_LWAL-DUM_H1,0.247147935,2.02268665,5.191224138,9.349023815,3.184404765
S_LWAL-DUM_H10,0.377386377,0.981965849,1.586451201,2.157967732,0.664368356
S_LWAL-DUM_H11,0.401702572,1.027118951,1.644380148,2.223637939,0.69193347
S_LWAL-DUM_H12,0.41737813,1.064674198,1.707350553,2.312391909,0.711556363
S_LWAL-DUM_H2,0.163390923,0.794428187,1.621908536,2.533852594,1.80425194
S_LWAL-DUM_H3,0.19148071,0.712246178,1.329509614,1.973174761,1.169972842
S_LWAL-DUM_H4,0.21444888,0.693667243,1.221454527,1.749331926,0.895211745
S_LWAL-DUM_H5,0.247024623,0.748053749,1.284430813,1.812230932,0.791950479
S_LWAL-DUM_H6,0.283933378,0.838125767,1.427686714,2.005657117,0.737528774
S_LWAL-DUM_H7,0.316234507,0.865663597,1.433441586,1.980623482,0.675470698
S_LWAL-DUM_H8,0.337522684,0.896604753,1.463485767,2.003810725,0.650671984
S_LWAL-DUM_H9,0.355561892,0.934864741,1.518877826,2.073662787,0.646621794
W_LFM-DUH_H1,0.849445096,2.142066433,4.222136219,6.938667407,2.560993647
W_LFM-DUH_H2,0.842552551,1.799386861,3.063154806,4.488902982,1.296159628
W_LFM-DUH_H3,1.120245221,2.02925972,3.123935073,4.278305415,0.907241869
W_LFM-DUH_H4,1.454406323,2.286494364,3.233450575,4.186783204,0.765216331
W_LFM-DUH_H5,1.743189967,2.396875491,3.11067151,3.799245447,0.663876682
W_LFM-DUH_H6,2.089073542,2.59108166,3.134544784,3.643754603,0.604460135
W_LFM-DUL_H1,0.215107017,0.52418781,0.912218418,1.333965401,1.808536913
W_LFM-DUL_H2,0.293213437,0.693109982,1.156276383,1.633613062,1.034109915
W_LFM-DUL_H3,0.406018511,0.823597074,1.282635442,1.7393414,0.818050315
W_LFM-DUL_H4,0.543303984,0.965079404,1.418701652,1.861926552,0.725274078
W_LFM-DUL_H5,0.715172464,1.10907642,1.524263645,1.921476048,0.65150203
W_LFM-DUL_H6,0.893351288,1.237374333,1.598841329,1.939823902,0.609807628
W_LFM-DUM_H1,0.450851176,1.074798202,1.956514561,2.999951392,2.192633361
W_LFM-DUM_H2,0.530009327,1.211264337,2.088590821,3.059799704,1.193316549
W_LFM-DUM_H3,0.729945083,1.42058447,2.237957357,3.091086961,0.897677964
W_LFM-DUM_H4,0.972227377,1.651307267,2.417461748,3.188275855,0.748062232
W_LFM-DUM_H5,1.205610265,1.769943117,2.377059792,2.962523698,0.660422639
W_LFM-DUM_H6,1.513306624,2.013003787,2.548848879,3.057136673,0.604716789