0.000000000000000000e+00,-3.032599999999999772e-07
5.000000000000000104e-03,5.815000000000000123e-08
1.000000000000000021e-02,9.959000000000000702e-06
1.499999999999999944e-02,2.955200000000000098e-05
2.000000000000000042e-02,5.656400000000000257e-05
2.500000000000000139e-02,7.420999999999999591e-05
2.999999999999999889e-02,6.022800000000000001e-05
3.500000000000000333e-02,2.284799999999999876e-05
4.000000000000000083e-02,-7.749599999999999460e-06
4.499999999999999833e-02,-1.650780000000000016e-06
5.000000000000000278e-02,1.230199999999999978e-04
5.500000000000000028e-02,3.111599999999999956e-04
5.999999999999999778e-02,4.516200000000000162e-04
6.500000000000000222e-02,5.350799999999999524e-04
7.000000000000000666e-02,6.795599999999999514e-04
7.499999999999999722e-02,8.375000000000000283e-04
8.000000000000000167e-02,1.016259999999999950e-03
8.500000000000000611e-02,1.049360000000000050e-03
8.999999999999999667e-02,6.731600000000000127e-04
9.500000000000000111e-02,2.273999999999999980e-04
1.000000000000000056e-01,-2.134799999999999957e-04
1.049999999999999961e-01,-9.713999999999999762e-04
1.100000000000000006e-01,-1.295719999999999988e-03
1.150000000000000050e-01,-1.130099999999999985e-03
1.199999999999999956e-01,-1.207780000000000095e-03
1.250000000000000000e-01,-1.602059999999999986e-03
1.300000000000000044e-01,-1.944280000000000053e-03
1.350000000000000089e-01,-2.439399999999999989e-03
1.400000000000000133e-01,-3.229200000000000213e-03
1.449999999999999900e-01,-3.733999999999999906e-03
1.499999999999999944e-01,-3.691199999999999950e-03
1.549999999999999989e-01,-3.351799999999999832e-03
1.600000000000000033e-01,-2.283199999999999986e-03
1.650000000000000078e-01,-5.379199999999999997e-04
1.700000000000000122e-01,7.364000000000000103e-04
1.749999999999999889e-01,6.970000000000000284e-04
1.799999999999999933e-01,-1.015159999999999950e-04
1.849999999999999978e-01,-7.509599999999999522e-04
1.900000000000000022e-01,-1.021860000000000086e-03
1.950000000000000067e-01,-1.810940000000000032e-03
2.000000000000000111e-01,-3.094400000000000189e-03
2.049999999999999878e-01,-4.395600000000000375e-03
2.099999999999999922e-01,-5.088200000000000188e-03
2.149999999999999967e-01,-4.431799999999999629e-03
2.200000000000000011e-01,-2.164000000000000125e-03
2.250000000000000056e-01,2.177999999999999815e-03
2.300000000000000100e-01,8.793999999999999734e-03
2.349999999999999867e-01,1.612900000000000097e-02
2.399999999999999911e-01,2.241200000000000137e-02
2.449999999999999956e-01,2.725199999999999845e-02
2.500000000000000000e-01,2.979400000000000104e-02
2.550000000000000044e-01,2.913599999999999871e-02
2.600000000000000089e-01,2.695600000000000079e-02
2.650000000000000133e-01,2.333800000000000111e-02
2.700000000000000178e-01,1.785339999999999844e-02
2.750000000000000222e-01,1.096560000000000069e-02
2.800000000000000266e-01,3.642999999999999971e-03
2.849999999999999756e-01,-6.809999999999999647e-04
2.899999999999999800e-01,-2.350000000000000092e-03
2.949999999999999845e-01,-3.176399999999999797e-03
2.999999999999999889e-01,-3.844600000000000101e-03
3.049999999999999933e-01,-4.371800000000000339e-03
3.099999999999999978e-01,-3.586600000000000118e-03
3.150000000000000022e-01,-1.390219999999999954e-03
3.200000000000000067e-01,3.343399999999999871e-05
3.250000000000000111e-01,-8.924399999999999868e-04
3.300000000000000155e-01,-6.297399999999999873e-03
3.350000000000000200e-01,-1.590120000000000075e-02
3.400000000000000244e-01,-2.826800000000000146e-02
3.449999999999999734e-01,-3.941200000000000259e-02
3.499999999999999778e-01,-4.676000000000000295e-02
3.549999999999999822e-01,-5.013399999999999801e-02
3.599999999999999867e-01,-4.980799999999999811e-02
3.649999999999999911e-01,-5.066999999999999976e-02
3.699999999999999956e-01,-5.176200000000000245e-02
3.750000000000000000e-01,-4.928400000000000142e-02
3.800000000000000044e-01,-4.282799999999999802e-02
3.850000000000000089e-01,-3.184399999999999731e-02
3.900000000000000133e-01,-1.565460000000000115e-02
3.950000000000000178e-01,1.671979999999999994e-03
4.000000000000000222e-01,1.540159999999999967e-02
4.050000000000000266e-01,2.483600000000000044e-02
4.099999999999999756e-01,3.136200000000000099e-02
4.149999999999999800e-01,3.414999999999999980e-02
4.199999999999999845e-01,3.472800000000000192e-02
4.249999999999999889e-01,3.412199999999999955e-02
4.299999999999999933e-01,3.155199999999999672e-02
4.349999999999999978e-01,2.739400000000000168e-02
4.400000000000000022e-01,2.257800000000000085e-02
4.450000000000000067e-01,2.067400000000000140e-02
4.500000000000000111e-01,2.174399999999999944e-02
4.550000000000000155e-01,2.699000000000000010e-02
4.600000000000000200e-01,3.476400000000000323e-02
4.650000000000000244e-01,4.054399999999999671e-02
4.699999999999999734e-01,4.348599999999999688e-02
4.749999999999999778e-01,4.402600000000000263e-02
4.799999999999999822e-01,4.073000000000000231e-02
4.849999999999999867e-01,3.441400000000000015e-02
4.899999999999999911e-01,2.494999999999999996e-02
4.949999999999999956e-01,1.229079999999999930e-02
5.000000000000000000e-01,-1.179759999999999967e-03
5.050000000000000044e-01,-1.876480000000000162e-02
5.100000000000000089e-01,-3.610200000000000214e-02
5.150000000000000133e-01,-4.902399999999999813e-02
5.200000000000000178e-01,-5.065999999999999670e-02
5.250000000000000222e-01,-4.356600000000000056e-02
5.300000000000000266e-01,-3.768599999999999728e-02
5.350000000000000311e-01,-3.315599999999999797e-02
5.400000000000000355e-01,-2.679000000000000131e-02
5.450000000000000400e-01,-1.229120000000000039e-02
5.500000000000000444e-01,5.645200000000000391e-03
5.550000000000000488e-01,1.972919999999999882e-02
5.600000000000000533e-01,2.795999999999999874e-02
5.649999999999999467e-01,3.176199999999999857e-02
5.699999999999999512e-01,3.144600000000000173e-02
5.749999999999999556e-01,3.066199999999999828e-02
5.799999999999999600e-01,2.882399999999999893e-02
5.849999999999999645e-01,2.542000000000000162e-02
5.899999999999999689e-01,2.123799999999999993e-02
5.949999999999999734e-01,1.586359999999999854e-02
5.999999999999999778e-01,8.054800000000000848e-03
6.049999999999999822e-01,-3.851400000000000049e-03
6.099999999999999867e-01,-2.282199999999999854e-02
6.149999999999999911e-01,-4.264600000000000335e-02
6.199999999999999956e-01,-5.805600000000000344e-02
6.250000000000000000e-01,-6.435200000000000642e-02
6.300000000000000044e-01,-6.305800000000000294e-02
6.350000000000000089e-01,-6.081600000000000200e-02
6.400000000000000133e-01,-5.682199999999999751e-02
6.450000000000000178e-01,-5.085200000000000137e-02
6.500000000000000222e-01,-4.716599999999999959e-02
6.550000000000000266e-01,-4.473200000000000093e-02
6.600000000000000311e-01,-4.069799999999999807e-02
6.650000000000000355e-01,-3.621200000000000113e-02
6.700000000000000400e-01,-3.629000000000000281e-02
6.750000000000000444e-01,-3.984200000000000241e-02
6.800000000000000488e-01,-4.182600000000000207e-02
6.850000000000000533e-01,-3.961800000000000044e-02
6.899999999999999467e-01,-3.065800000000000122e-02
6.949999999999999512e-01,-1.691900000000000001e-02
6.999999999999999556e-01,1.529299999999999930e-03
7.049999999999999600e-01,2.519199999999999912e-02
7.099999999999999645e-01,4.978400000000000186e-02
7.149999999999999689e-01,7.174600000000000422e-02
7.199999999999999734e-01,8.978200000000000069e-02
7.249999999999999778e-01,1.032399999999999984e-01
7.299999999999999822e-01,1.097560000000000063e-01
7.349999999999999867e-01,1.094360000000000055e-01
7.399999999999999911e-01,1.074459999999999998e-01
7.449999999999999956e-01,1.050979999999999970e-01
7.500000000000000000e-01,9.870800000000000407e-02
7.550000000000000044e-01,8.741000000000000159e-02
7.600000000000000089e-01,7.369399999999999562e-02
7.650000000000000133e-01,5.764999999999999986e-02
7.700000000000000178e-01,4.029599999999999849e-02
7.750000000000000222e-01,2.126199999999999965e-02
7.800000000000000266e-01,-3.646400000000000054e-04
7.850000000000000311e-01,-2.198999999999999913e-02
7.900000000000000355e-01,-3.821200000000000291e-02
7.950000000000000400e-01,-4.969799999999999912e-02
8.000000000000000444e-01,-5.637199999999999850e-02
8.050000000000000488e-01,-5.927999999999999936e-02
8.100000000000000533e-01,-5.969200000000000200e-02
8.149999999999999467e-01,-5.877600000000000185e-02
8.199999999999999512e-01,-5.838200000000000334e-02
8.249999999999999556e-01,-6.035000000000000087e-02
8.299999999999999600e-01,-6.257200000000000262e-02
8.349999999999999645e-01,-6.509199999999999708e-02
8.399999999999999689e-01,-6.608400000000000385e-02
8.449999999999999734e-01,-6.593200000000000449e-02
8.499999999999999778e-01,-6.702600000000000224e-02
8.549999999999999822e-01,-6.408400000000000207e-02
8.599999999999999867e-01,-5.756399999999999711e-02
8.649999999999999911e-01,-4.740199999999999969e-02
8.699999999999999956e-01,-3.081400000000000111e-02
8.750000000000000000e-01,-1.141400000000000053e-02
8.800000000000000044e-01,8.940200000000000577e-03
8.850000000000000089e-01,2.768199999999999827e-02
8.900000000000000133e-01,4.365399999999999836e-02
8.950000000000000178e-01,5.677000000000000102e-02
9.000000000000000222e-01,6.483400000000000274e-02
9.050000000000000266e-01,6.604400000000000548e-02
9.100000000000000311e-01,6.497600000000000597e-02
9.150000000000000355e-01,6.483600000000000474e-02
9.200000000000000400e-01,5.867399999999999699e-02
9.250000000000000444e-01,4.660600000000000159e-02
9.300000000000000488e-01,3.204800000000000010e-02
9.350000000000000533e-01,1.919560000000000016e-02
9.399999999999999467e-01,1.208359999999999990e-02
9.449999999999999512e-01,6.689800000000000087e-03
9.499999999999999556e-01,2.323200000000000091e-03
9.549999999999999600e-01,2.403999999999999887e-03
9.599999999999999645e-01,3.267400000000000165e-03
9.649999999999999689e-01,2.579000000000000129e-03
9.699999999999999734e-01,1.460560000000000070e-03
9.749999999999999778e-01,-2.652600000000000183e-03
9.799999999999999822e-01,-7.961199999999999874e-03
9.849999999999999867e-01,-1.237839999999999947e-02
9.899999999999999911e-01,-1.570420000000000149e-02
9.949999999999999956e-01,-2.010400000000000034e-02
1.000000000000000000e+00,-2.443000000000000033e-02
1.004999999999999893e+00,-2.993600000000000080e-02
1.010000000000000009e+00,-3.394599999999999701e-02
1.014999999999999902e+00,-3.480599999999999666e-02
1.020000000000000018e+00,-3.192799999999999805e-02
1.024999999999999911e+00,-2.747199999999999989e-02
1.030000000000000027e+00,-1.947300000000000073e-02
1.034999999999999920e+00,-9.727400000000000629e-03
1.040000000000000036e+00,2.910400000000000053e-03
1.044999999999999929e+00,1.671419999999999850e-02
1.050000000000000044e+00,3.249799999999999911e-02
1.054999999999999938e+00,4.706199999999999967e-02
1.060000000000000053e+00,4.958400000000000307e-02
1.064999999999999947e+00,4.477799999999999836e-02
1.070000000000000062e+00,3.963599999999999762e-02
1.074999999999999956e+00,3.677400000000000113e-02
1.080000000000000071e+00,3.230199999999999738e-02
1.084999999999999964e+00,2.450799999999999854e-02
1.090000000000000080e+00,1.286499999999999970e-02
1.094999999999999973e+00,2.449800000000000024e-04
1.100000000000000089e+00,-8.800399999999999889e-03
1.104999999999999982e+00,-1.302380000000000031e-02
1.110000000000000098e+00,-1.624300000000000049e-02
1.114999999999999991e+00,-2.221800000000000164e-02
1.120000000000000107e+00,-3.081199999999999911e-02
1.125000000000000000e+00,-4.255400000000000155e-02
1.129999999999999893e+00,-5.707000000000000267e-02
1.135000000000000009e+00,-7.311800000000000244e-02
1.139999999999999902e+00,-9.084399999999999420e-02
1.145000000000000018e+00,-1.046779999999999933e-01
1.149999999999999911e+00,-1.105980000000000019e-01
1.155000000000000027e+00,-1.111240000000000006e-01
1.159999999999999920e+00,-1.042379999999999973e-01
1.165000000000000036e+00,-8.603600000000000136e-02
1.169999999999999929e+00,-5.992600000000000010e-02
1.175000000000000044e+00,-3.034799999999999998e-02
1.179999999999999938e+00,7.060400000000000096e-04
1.185000000000000053e+00,3.287600000000000244e-02
1.189999999999999947e+00,6.527600000000000069e-02
1.195000000000000062e+00,8.693599999999999939e-02
1.199999999999999956e+00,9.829999999999999849e-02
1.205000000000000071e+00,1.046300000000000008e-01
1.209999999999999964e+00,1.071280000000000010e-01
1.215000000000000080e+00,1.060740000000000016e-01
1.219999999999999973e+00,1.037539999999999990e-01
1.225000000000000089e+00,1.030800000000000050e-01
1.229999999999999982e+00,1.030019999999999963e-01
1.235000000000000098e+00,1.040060000000000012e-01
1.239999999999999991e+00,1.049820000000000059e-01
1.245000000000000107e+00,1.043540000000000023e-01
1.250000000000000000e+00,9.957399999999999585e-02
1.254999999999999893e+00,9.081999999999999795e-02
1.260000000000000009e+00,7.631799999999999695e-02
1.264999999999999902e+00,5.923599999999999699e-02
1.270000000000000018e+00,4.206599999999999923e-02
1.274999999999999911e+00,2.234799999999999981e-02
1.280000000000000027e+00,-1.368139999999999981e-02
1.284999999999999920e+00,-5.279799999999999771e-02
1.290000000000000036e+00,-8.128799999999999915e-02
1.294999999999999929e+00,-1.032119999999999982e-01
1.300000000000000044e+00,-1.217980000000000035e-01
1.304999999999999938e+00,-1.385160000000000002e-01
1.310000000000000053e+00,-1.528519999999999879e-01
1.314999999999999947e+00,-1.588380000000000070e-01
1.320000000000000062e+00,-1.537519999999999998e-01
1.324999999999999956e+00,-1.433200000000000029e-01
1.330000000000000071e+00,-1.316940000000000055e-01
1.334999999999999964e+00,-1.172639999999999932e-01
1.340000000000000080e+00,-9.824399999999999800e-02
1.344999999999999973e+00,-7.512800000000000034e-02
1.350000000000000089e+00,-4.822200000000000097e-02
1.354999999999999982e+00,-2.511800000000000144e-02
1.360000000000000098e+00,-4.118600000000000039e-03
1.364999999999999991e+00,1.370399999999999917e-02
1.370000000000000107e+00,2.561199999999999935e-02
1.375000000000000000e+00,3.299599999999999755e-02
1.379999999999999893e+00,4.104000000000000009e-02
1.385000000000000009e+00,5.170799999999999702e-02
1.389999999999999902e+00,6.176199999999999746e-02
1.395000000000000018e+00,7.210800000000000542e-02
1.399999999999999911e+00,8.266600000000000337e-02
1.405000000000000027e+00,8.987199999999999356e-02
1.409999999999999920e+00,9.381399999999999462e-02
1.415000000000000036e+00,9.508999999999999397e-02
1.419999999999999929e+00,9.750000000000000333e-02
1.425000000000000044e+00,9.468799999999999439e-02
1.429999999999999938e+00,8.906799999999999440e-02
1.435000000000000053e+00,7.929600000000000537e-02
1.439999999999999947e+00,6.593599999999999461e-02
1.445000000000000062e+00,4.995399999999999840e-02
1.449999999999999956e+00,3.024599999999999858e-02
1.455000000000000071e+00,1.138199999999999976e-02
1.459999999999999964e+00,-1.123399999999999919e-02
1.465000000000000080e+00,-3.203199999999999797e-02
1.469999999999999973e+00,-4.159399999999999903e-02
1.475000000000000089e+00,-4.513600000000000251e-02
1.479999999999999982e+00,-4.637000000000000149e-02
1.485000000000000098e+00,-4.233800000000000063e-02
1.489999999999999991e+00,-3.529399999999999898e-02
1.495000000000000107e+00,-2.784800000000000123e-02
1.500000000000000000e+00,-2.022799999999999945e-02
1.504999999999999893e+00,-1.171020000000000047e-02
1.510000000000000009e+00,-5.813999999999999724e-03
1.514999999999999902e+00,-5.128200000000000293e-03
1.520000000000000018e+00,-9.093999999999999653e-03
1.524999999999999911e+00,-1.964379999999999946e-02
1.530000000000000027e+00,-3.007999999999999910e-02
1.534999999999999920e+00,-4.030600000000000155e-02
1.540000000000000036e+00,-5.244200000000000250e-02
1.544999999999999929e+00,-5.917000000000000037e-02
1.550000000000000044e+00,-5.603600000000000247e-02
1.554999999999999938e+00,-4.671800000000000258e-02
1.560000000000000053e+00,-3.500000000000000333e-02
1.564999999999999947e+00,-2.691199999999999842e-02
1.570000000000000062e+00,-1.754059999999999994e-02
1.574999999999999956e+00,-4.589799999999999783e-03
1.580000000000000071e+00,7.559599999999999653e-03
1.584999999999999964e+00,1.777540000000000023e-02
1.590000000000000080e+00,2.318200000000000122e-02
1.594999999999999973e+00,2.645399999999999835e-02
1.600000000000000089e+00,3.347399999999999681e-02
1.604999999999999982e+00,4.021999999999999881e-02
1.610000000000000098e+00,4.454400000000000026e-02
1.614999999999999991e+00,4.625800000000000051e-02
1.620000000000000107e+00,4.485600000000000004e-02
1.625000000000000000e+00,4.259999999999999898e-02
1.629999999999999893e+00,3.932200000000000278e-02
1.635000000000000009e+00,3.470000000000000168e-02
1.639999999999999902e+00,3.037600000000000022e-02
1.645000000000000018e+00,2.633599999999999830e-02
1.649999999999999911e+00,2.152000000000000093e-02
1.655000000000000027e+00,1.662780000000000161e-02
1.659999999999999920e+00,1.564319999999999947e-02
1.665000000000000036e+00,1.926160000000000025e-02
1.669999999999999929e+00,1.951440000000000119e-02
1.675000000000000044e+00,1.354080000000000041e-02
1.679999999999999938e+00,6.982399999999999718e-03
1.685000000000000053e+00,4.331399999999999899e-04
1.689999999999999947e+00,-8.226799999999999391e-03
1.695000000000000062e+00,-1.637419999999999848e-02
1.699999999999999956e+00,-2.702799999999999994e-02
1.705000000000000071e+00,-4.087600000000000261e-02
1.709999999999999964e+00,-5.075199999999999850e-02
1.715000000000000080e+00,-5.380000000000000060e-02
1.719999999999999973e+00,-4.992400000000000310e-02
1.725000000000000089e+00,-4.255599999999999661e-02
1.729999999999999982e+00,-3.029600000000000001e-02
1.735000000000000098e+00,-1.378979999999999963e-02
1.739999999999999991e+00,5.258999999999999786e-03
1.745000000000000107e+00,2.543600000000000028e-02
1.750000000000000000e+00,4.761800000000000060e-02
1.754999999999999893e+00,6.350600000000000689e-02
1.760000000000000009e+00,6.930400000000000449e-02
1.764999999999999902e+00,6.901999999999999802e-02
1.770000000000000018e+00,6.423800000000000343e-02
1.774999999999999911e+00,5.597200000000000092e-02
1.780000000000000027e+00,4.617999999999999883e-02
1.784999999999999920e+00,2.811599999999999863e-02
1.790000000000000036e+00,4.480600000000000381e-03
1.794999999999999929e+00,-1.917140000000000163e-02
1.800000000000000044e+00,-3.950399999999999745e-02
1.804999999999999938e+00,-5.196599999999999830e-02
1.810000000000000053e+00,-6.134599999999999775e-02
1.814999999999999947e+00,-6.974600000000000244e-02
1.820000000000000062e+00,-7.246600000000000263e-02
1.824999999999999956e+00,-6.665200000000000291e-02
1.830000000000000071e+00,-5.442400000000000015e-02
1.834999999999999964e+00,-4.250000000000000305e-02
1.840000000000000080e+00,-3.293000000000000094e-02
1.844999999999999973e+00,-2.423000000000000154e-02
1.850000000000000089e+00,-1.630500000000000005e-02
1.854999999999999982e+00,-1.190279999999999984e-02
1.860000000000000098e+00,-1.663740000000000011e-02
1.864999999999999991e+00,-2.786599999999999841e-02
1.870000000000000107e+00,-3.848800000000000138e-02
1.875000000000000000e+00,-4.455599999999999838e-02
1.879999999999999893e+00,-4.446200000000000152e-02
1.885000000000000009e+00,-3.924799999999999817e-02
1.889999999999999902e+00,-2.528400000000000092e-02
1.895000000000000018e+00,-3.737199999999999984e-03
1.899999999999999911e+00,2.993600000000000080e-02
1.905000000000000027e+00,6.429200000000000192e-02
1.909999999999999920e+00,9.446200000000000430e-02
1.915000000000000036e+00,1.168759999999999938e-01
1.919999999999999929e+00,1.305080000000000129e-01
1.925000000000000044e+00,1.340220000000000022e-01
1.929999999999999938e+00,1.254399999999999959e-01
1.935000000000000053e+00,1.063700000000000062e-01
1.939999999999999947e+00,7.645799999999999819e-02
1.945000000000000062e+00,4.303400000000000281e-02
1.949999999999999956e+00,1.280620000000000022e-02
1.955000000000000071e+00,-1.155199999999999977e-02
1.959999999999999964e+00,-3.921999999999999792e-02
1.965000000000000080e+00,-5.788999999999999702e-02
1.969999999999999973e+00,-6.396999999999999909e-02
1.975000000000000089e+00,-6.170199999999999990e-02
1.979999999999999982e+00,-5.462600000000000094e-02
1.985000000000000098e+00,-4.826799999999999841e-02
1.989999999999999991e+00,-4.201599999999999779e-02
1.995000000000000107e+00,-3.726600000000000051e-02
2.000000000000000000e+00,-3.629799999999999693e-02
2.004999999999999893e+00,-3.790799999999999725e-02
2.009999999999999787e+00,-4.575599999999999806e-02
2.015000000000000124e+00,-5.770000000000000129e-02
2.020000000000000018e+00,-6.827400000000000135e-02
2.024999999999999911e+00,-7.674999999999999878e-02
2.029999999999999805e+00,-7.981199999999999406e-02
2.035000000000000142e+00,-7.962800000000000433e-02
2.040000000000000036e+00,-7.514200000000000046e-02
2.044999999999999929e+00,-6.455199999999999827e-02
2.049999999999999822e+00,-4.387200000000000127e-02
2.055000000000000160e+00,-1.646480000000000166e-02
2.060000000000000053e+00,6.005599999999999827e-03
2.064999999999999947e+00,2.109600000000000017e-02
2.069999999999999840e+00,3.441799999999999721e-02
2.075000000000000178e+00,4.651399999999999979e-02
2.080000000000000071e+00,5.427400000000000280e-02
2.084999999999999964e+00,5.793199999999999739e-02
2.089999999999999858e+00,5.635600000000000331e-02
2.095000000000000195e+00,5.224999999999999784e-02
2.100000000000000089e+00,4.570599999999999663e-02
2.104999999999999982e+00,3.712800000000000128e-02
2.109999999999999876e+00,2.754200000000000051e-02
2.115000000000000213e+00,2.162999999999999992e-02
2.120000000000000107e+00,1.507799999999999939e-02
2.125000000000000000e+00,4.065199999999999717e-03
2.129999999999999893e+00,-3.248599999999999925e-03
2.134999999999999787e+00,-5.919800000000000235e-03
2.140000000000000124e+00,-6.412400000000000391e-03
2.145000000000000018e+00,-4.886599999999999625e-03
2.149999999999999911e+00,-2.668799999999999818e-03
2.154999999999999805e+00,-4.480999999999999957e-04
2.160000000000000142e+00,2.246800000000000186e-03
2.165000000000000036e+00,3.103999999999999988e-03
2.169999999999999929e+00,1.405199999999999895e-04
2.174999999999999822e+00,-8.314999999999999475e-03
2.180000000000000160e+00,-1.925199999999999828e-02
2.185000000000000053e+00,-3.362600000000000311e-02
2.189999999999999947e+00,-4.639399999999999774e-02
2.194999999999999840e+00,-5.600800000000000223e-02
2.200000000000000178e+00,-6.647000000000000131e-02
2.205000000000000071e+00,-7.645200000000000606e-02
2.209999999999999964e+00,-8.576599999999999502e-02
2.214999999999999858e+00,-9.129800000000000415e-02
2.220000000000000195e+00,-9.340600000000000291e-02
2.225000000000000089e+00,-9.875200000000000644e-02
2.229999999999999982e+00,-1.025299999999999961e-01
2.234999999999999876e+00,-1.046959999999999974e-01
2.240000000000000213e+00,-1.049500000000000016e-01
2.245000000000000107e+00,-1.069480000000000014e-01
2.250000000000000000e+00,-1.097339999999999982e-01
2.254999999999999893e+00,-1.102100000000000024e-01
2.259999999999999787e+00,-1.082079999999999986e-01
2.265000000000000124e+00,-1.059100000000000041e-01
2.270000000000000018e+00,-1.046060000000000045e-01
2.274999999999999911e+00,-1.042300000000000032e-01
2.279999999999999805e+00,-1.026640000000000053e-01
2.285000000000000142e+00,-1.010719999999999952e-01
2.290000000000000036e+00,-9.989800000000000069e-02
2.294999999999999929e+00,-9.712400000000000200e-02
2.299999999999999822e+00,-9.241599999999999815e-02
2.305000000000000160e+00,-8.560800000000000354e-02
2.310000000000000053e+00,-7.710799999999999599e-02
2.314999999999999947e+00,-6.484399999999999886e-02
2.319999999999999840e+00,-4.325199999999999878e-02
2.325000000000000178e+00,-1.479319999999999941e-02
2.330000000000000071e+00,2.825199999999999934e-02
2.334999999999999964e+00,8.541600000000000581e-02
2.339999999999999858e+00,1.493200000000000083e-01
2.345000000000000195e+00,2.201400000000000023e-01
2.350000000000000089e+00,2.864399999999999724e-01
2.354999999999999982e+00,3.313800000000000079e-01
2.359999999999999876e+00,3.704600000000000115e-01
2.365000000000000213e+00,4.272000000000000242e-01
2.370000000000000107e+00,4.844600000000000017e-01
2.375000000000000000e+00,5.184999999999999609e-01
2.379999999999999893e+00,5.220000000000000195e-01
2.384999999999999787e+00,5.030000000000000027e-01
2.390000000000000124e+00,4.849800000000000222e-01
2.395000000000000018e+00,4.839200000000000168e-01
2.399999999999999911e+00,4.916200000000000014e-01
2.404999999999999805e+00,5.008000000000000229e-01
2.410000000000000142e+00,5.025600000000000067e-01
2.415000000000000036e+00,4.960600000000000009e-01
2.419999999999999929e+00,4.872600000000000264e-01
2.424999999999999822e+00,4.761400000000000077e-01
2.430000000000000160e+00,4.549000000000000266e-01
2.435000000000000053e+00,4.163000000000000034e-01
2.439999999999999947e+00,3.402200000000000224e-01
2.444999999999999840e+00,2.358800000000000063e-01
2.450000000000000178e+00,1.289240000000000108e-01
2.455000000000000071e+00,2.954199999999999882e-02
2.459999999999999964e+00,-6.480800000000000449e-02
2.464999999999999858e+00,-1.483559999999999879e-01
2.470000000000000195e+00,-2.169800000000000062e-01
2.475000000000000089e+00,-2.819999999999999729e-01
2.479999999999999982e+00,-3.468800000000000217e-01
2.484999999999999876e+00,-4.133600000000000052e-01
2.490000000000000213e+00,-5.114400000000000057e-01
2.495000000000000107e+00,-6.334600000000000231e-01
2.500000000000000000e+00,-7.250600000000000378e-01
2.504999999999999893e+00,-8.269800000000000484e-01
2.509999999999999787e+00,-8.842799999999999550e-01
2.515000000000000124e+00,-8.690400000000000347e-01
2.520000000000000018e+00,-8.281199999999999672e-01
2.524999999999999911e+00,-7.936999999999999611e-01
2.529999999999999805e+00,-7.759399999999999631e-01
2.535000000000000142e+00,-7.548200000000000465e-01
2.540000000000000036e+00,-7.203199999999999603e-01
2.544999999999999929e+00,-6.776799999999999491e-01
2.549999999999999822e+00,-6.356199999999999628e-01
2.555000000000000160e+00,-5.915799999999999947e-01
2.560000000000000053e+00,-5.412000000000000144e-01
2.564999999999999947e+00,-4.756600000000000272e-01
2.569999999999999840e+00,-3.815600000000000103e-01
2.575000000000000178e+00,-2.264799999999999869e-01
2.580000000000000071e+00,-4.040200000000000041e-02
2.584999999999999964e+00,1.208660000000000012e-01
2.589999999999999858e+00,2.619000000000000217e-01
2.595000000000000195e+00,4.127399999999999958e-01
2.600000000000000089e+00,5.510599999999999943e-01
2.604999999999999982e+00,6.274199999999999777e-01
2.609999999999999876e+00,6.713000000000000078e-01
2.615000000000000213e+00,7.310799999999999521e-01
2.620000000000000107e+00,7.993000000000000105e-01
2.625000000000000000e+00,8.615800000000000125e-01
2.629999999999999893e+00,8.959399999999999586e-01
2.634999999999999787e+00,9.044999999999999707e-01
2.640000000000000124e+00,8.833800000000000541e-01
2.645000000000000018e+00,8.178400000000000114e-01
2.649999999999999911e+00,7.271800000000000486e-01
2.654999999999999805e+00,6.421599999999999531e-01
2.660000000000000142e+00,5.681199999999999584e-01
2.665000000000000036e+00,5.029799999999999827e-01
2.669999999999999929e+00,4.223399999999999932e-01
2.674999999999999822e+00,2.876600000000000268e-01
2.680000000000000160e+00,1.427460000000000118e-01
2.685000000000000053e+00,3.359000000000000180e-02
2.689999999999999947e+00,-2.122999999999999887e-02
2.694999999999999840e+00,-5.407200000000000201e-02
2.700000000000000178e+00,-1.016539999999999944e-01
2.705000000000000071e+00,-1.626479999999999870e-01
2.709999999999999964e+00,-2.575799999999999756e-01
2.714999999999999858e+00,-3.731200000000000072e-01
2.720000000000000195e+00,-4.662399999999999878e-01
2.725000000000000089e+00,-5.703399999999999581e-01
2.729999999999999982e+00,-7.013800000000000034e-01
2.734999999999999876e+00,-7.919800000000000173e-01
2.740000000000000213e+00,-8.303800000000000070e-01
2.745000000000000107e+00,-8.560600000000000431e-01
2.750000000000000000e+00,-8.724199999999999733e-01
2.754999999999999893e+00,-8.727800000000000002e-01
2.759999999999999787e+00,-8.703600000000000225e-01
2.765000000000000124e+00,-8.750999999999999890e-01
2.770000000000000018e+00,-8.558200000000000252e-01
2.774999999999999911e+00,-7.864799999999999569e-01
2.779999999999999805e+00,-6.929600000000000204e-01
2.785000000000000142e+00,-5.311399999999999455e-01
2.790000000000000036e+00,-3.057400000000000118e-01
2.794999999999999929e+00,-1.244019999999999987e-01
2.799999999999999822e+00,-2.392599999999999935e-03
2.805000000000000160e+00,9.999399999999999955e-02
2.810000000000000053e+00,2.157999999999999918e-01
2.814999999999999947e+00,3.537000000000000144e-01
2.819999999999999840e+00,4.704400000000000248e-01
2.825000000000000178e+00,5.266600000000000170e-01
2.830000000000000071e+00,5.399800000000000155e-01
2.834999999999999964e+00,5.605400000000000382e-01
2.839999999999999858e+00,5.882399999999999851e-01
2.845000000000000195e+00,5.910400000000000098e-01
2.850000000000000089e+00,5.640800000000000258e-01
2.854999999999999982e+00,5.219200000000000506e-01
2.859999999999999876e+00,4.709400000000000253e-01
2.865000000000000213e+00,4.181199999999999917e-01
2.870000000000000107e+00,3.622199999999999864e-01
2.875000000000000000e+00,3.120800000000000241e-01
2.879999999999999893e+00,2.857199999999999740e-01
2.884999999999999787e+00,2.821799999999999864e-01
2.890000000000000124e+00,2.862999999999999989e-01
2.895000000000000018e+00,2.932199999999999807e-01
2.899999999999999911e+00,2.977400000000000047e-01
2.904999999999999805e+00,2.922399999999999998e-01
2.910000000000000142e+00,2.751399999999999957e-01
2.915000000000000036e+00,2.497600000000000098e-01
2.919999999999999929e+00,2.178200000000000136e-01
2.924999999999999822e+00,1.756099999999999883e-01
2.930000000000000160e+00,1.268420000000000103e-01
2.935000000000000053e+00,7.677000000000000490e-02
2.939999999999999947e+00,2.654400000000000162e-02
2.944999999999999840e+00,-1.698780000000000082e-02
2.950000000000000178e+00,-4.822400000000000297e-02
2.955000000000000071e+00,-7.184799999999999520e-02
2.959999999999999964e+00,-9.639599999999999558e-02
2.964999999999999858e+00,-1.249600000000000016e-01
2.970000000000000195e+00,-1.495900000000000007e-01
2.975000000000000089e+00,-1.671340000000000048e-01
2.979999999999999982e+00,-1.811399999999999955e-01
2.984999999999999876e+00,-1.905759999999999954e-01
2.990000000000000213e+00,-1.900040000000000062e-01
2.995000000000000107e+00,-1.803120000000000001e-01
3.000000000000000000e+00,-1.681680000000000119e-01
3.004999999999999893e+00,-1.559300000000000130e-01
3.009999999999999787e+00,-1.413200000000000012e-01
3.015000000000000124e+00,-1.313120000000000120e-01
3.020000000000000018e+00,-1.327780000000000071e-01
3.024999999999999911e+00,-1.422539999999999916e-01
3.029999999999999805e+00,-1.528279999999999916e-01
3.035000000000000142e+00,-1.662659999999999971e-01
3.040000000000000036e+00,-1.823359999999999981e-01
3.044999999999999929e+00,-1.871800000000000130e-01
3.049999999999999822e+00,-1.729100000000000081e-01
3.055000000000000160e+00,-1.508440000000000059e-01
3.060000000000000053e+00,-1.290360000000000118e-01
3.064999999999999947e+00,-1.116400000000000031e-01
3.069999999999999840e+00,-1.007640000000000063e-01
3.075000000000000178e+00,-9.662199999999999955e-02
3.080000000000000071e+00,-9.700000000000000289e-02
3.084999999999999964e+00,-1.015360000000000013e-01
3.089999999999999858e+00,-1.103679999999999939e-01
3.095000000000000195e+00,-1.233999999999999958e-01
3.100000000000000089e+00,-1.332160000000000011e-01
3.104999999999999982e+00,-1.346320000000000017e-01
3.109999999999999876e+00,-1.302979999999999972e-01
3.115000000000000213e+00,-1.184820000000000040e-01
3.120000000000000107e+00,-9.320000000000000506e-02
3.125000000000000000e+00,-5.097399999999999848e-02
3.129999999999999893e+00,9.186200000000000268e-03
3.134999999999999787e+00,7.278199999999999947e-02
3.140000000000000124e+00,1.254659999999999942e-01
3.145000000000000018e+00,1.603799999999999948e-01
3.149999999999999911e+00,1.806180000000000008e-01
3.154999999999999805e+00,1.974319999999999964e-01
3.160000000000000142e+00,2.158799999999999886e-01
3.165000000000000036e+00,2.300800000000000067e-01
3.169999999999999929e+00,2.311600000000000044e-01
3.174999999999999822e+00,2.229200000000000070e-01
3.180000000000000160e+00,2.163400000000000045e-01
3.185000000000000053e+00,2.145799999999999930e-01
3.189999999999999947e+00,2.134600000000000108e-01
3.194999999999999840e+00,2.083599999999999897e-01
3.200000000000000178e+00,2.016199999999999937e-01
3.205000000000000071e+00,1.946740000000000137e-01
3.209999999999999964e+00,1.892620000000000136e-01
3.214999999999999858e+00,1.814379999999999882e-01
3.220000000000000195e+00,1.664760000000000129e-01
3.225000000000000089e+00,1.413860000000000117e-01
3.229999999999999982e+00,1.112419999999999937e-01
3.234999999999999876e+00,7.891800000000000204e-02
3.240000000000000213e+00,4.270800000000000290e-02
3.245000000000000107e+00,3.117400000000000206e-03
3.250000000000000000e+00,-4.017600000000000338e-02
3.254999999999999893e+00,-8.280600000000000460e-02
3.259999999999999787e+00,-1.186780000000000057e-01
3.265000000000000124e+00,-1.485200000000000131e-01
3.270000000000000018e+00,-1.810859999999999970e-01
3.274999999999999911e+00,-2.154600000000000126e-01
3.279999999999999805e+00,-2.390400000000000025e-01
3.285000000000000142e+00,-2.588599999999999790e-01
3.290000000000000036e+00,-2.759199999999999986e-01
3.294999999999999929e+00,-2.875599999999999823e-01
3.299999999999999822e+00,-2.961599999999999788e-01
3.305000000000000160e+00,-2.988399999999999945e-01
3.310000000000000053e+00,-2.935400000000000231e-01
3.314999999999999947e+00,-2.809800000000000075e-01
3.319999999999999840e+00,-2.641600000000000059e-01
3.325000000000000178e+00,-2.414000000000000035e-01
3.330000000000000071e+00,-2.096000000000000085e-01
3.334999999999999964e+00,-1.645939999999999903e-01
3.339999999999999858e+00,-1.075259999999999966e-01
3.345000000000000195e+00,-5.440199999999999897e-02
3.350000000000000089e+00,-1.163840000000000013e-02
3.354999999999999982e+00,3.773800000000000071e-02
3.359999999999999876e+00,8.520600000000000396e-02
3.365000000000000213e+00,1.262399999999999911e-01
3.370000000000000107e+00,1.557040000000000091e-01
3.375000000000000000e+00,1.820420000000000094e-01
3.379999999999999893e+00,2.018000000000000071e-01
3.384999999999999787e+00,2.154399999999999926e-01
3.390000000000000124e+00,2.255600000000000105e-01
3.395000000000000018e+00,2.346600000000000075e-01
3.399999999999999911e+00,2.440199999999999869e-01
3.404999999999999805e+00,2.499200000000000033e-01
3.410000000000000142e+00,2.490600000000000036e-01
3.415000000000000036e+00,2.424999999999999933e-01
3.419999999999999929e+00,2.376399999999999901e-01
3.424999999999999822e+00,2.317599999999999938e-01
3.430000000000000160e+00,2.148400000000000032e-01
3.435000000000000053e+00,1.815420000000000089e-01
3.439999999999999947e+00,1.323239999999999972e-01
3.444999999999999840e+00,7.664799999999999391e-02
3.450000000000000178e+00,2.551399999999999849e-02
3.455000000000000071e+00,-1.798599999999999852e-02
3.459999999999999964e+00,-6.495599999999999985e-02
3.464999999999999858e+00,-1.043739999999999946e-01
3.470000000000000195e+00,-1.277619999999999867e-01
3.475000000000000089e+00,-1.481820000000000082e-01
3.479999999999999982e+00,-1.739400000000000113e-01
3.484999999999999876e+00,-1.937260000000000093e-01
3.490000000000000213e+00,-2.051600000000000090e-01
3.495000000000000107e+00,-2.130400000000000071e-01
3.500000000000000000e+00,-2.168200000000000127e-01
3.504999999999999893e+00,-2.170799999999999952e-01
3.509999999999999787e+00,-2.165400000000000102e-01
3.515000000000000124e+00,-2.126599999999999879e-01
3.520000000000000018e+00,-2.016000000000000014e-01
3.524999999999999911e+00,-1.811740000000000017e-01
3.529999999999999805e+00,-1.458919999999999939e-01
3.535000000000000142e+00,-9.850599999999999634e-02
3.540000000000000036e+00,-5.108800000000000147e-02
3.544999999999999929e+00,-8.501599999999999782e-03
3.549999999999999822e+00,4.058200000000000002e-02
3.555000000000000160e+00,8.970999999999999808e-02
3.560000000000000053e+00,1.259800000000000086e-01
3.564999999999999947e+00,1.501719999999999999e-01
3.569999999999999840e+00,1.758560000000000123e-01
3.575000000000000178e+00,2.007799999999999863e-01
3.580000000000000071e+00,2.186800000000000133e-01
3.584999999999999964e+00,2.270399999999999918e-01
3.589999999999999858e+00,2.295399999999999940e-01
3.595000000000000195e+00,2.272200000000000053e-01
3.600000000000000089e+00,2.183799999999999908e-01
3.604999999999999982e+00,2.048599999999999866e-01
3.609999999999999876e+00,1.888120000000000076e-01
3.615000000000000213e+00,1.655919999999999892e-01
3.620000000000000107e+00,1.328940000000000121e-01
3.625000000000000000e+00,9.555800000000000405e-02
3.629999999999999893e+00,5.662999999999999978e-02
3.634999999999999787e+00,1.549020000000000084e-02
3.640000000000000124e+00,-2.316199999999999856e-02
3.645000000000000018e+00,-5.074200000000000238e-02
3.649999999999999911e+00,-6.855200000000000182e-02
3.654999999999999805e+00,-9.050199999999999911e-02
3.660000000000000142e+00,-1.124300000000000022e-01
3.665000000000000036e+00,-1.268799999999999928e-01
3.669999999999999929e+00,-1.345220000000000027e-01
3.674999999999999822e+00,-1.434819999999999984e-01
3.680000000000000160e+00,-1.560400000000000120e-01
3.685000000000000053e+00,-1.632959999999999967e-01
3.689999999999999947e+00,-1.599820000000000131e-01
3.694999999999999840e+00,-1.471320000000000128e-01
3.700000000000000178e+00,-1.312240000000000073e-01
3.705000000000000071e+00,-1.100499999999999950e-01
3.709999999999999964e+00,-8.336200000000000554e-02
3.714999999999999858e+00,-5.320600000000000329e-02
3.720000000000000195e+00,-2.212799999999999837e-02
3.725000000000000089e+00,1.410280000000000040e-02
3.729999999999999982e+00,4.328200000000000103e-02
3.734999999999999876e+00,6.124799999999999689e-02
3.740000000000000213e+00,7.640600000000000169e-02
3.745000000000000107e+00,8.955399999999999472e-02
3.750000000000000000e+00,1.017340000000000050e-01
3.754999999999999893e+00,1.121059999999999973e-01
3.759999999999999787e+00,1.178899999999999948e-01
3.765000000000000124e+00,1.169879999999999948e-01
3.770000000000000018e+00,1.147439999999999988e-01
3.774999999999999911e+00,1.148239999999999955e-01
3.779999999999999805e+00,1.129340000000000066e-01
3.785000000000000142e+00,1.028239999999999987e-01
3.790000000000000036e+00,8.669799999999999729e-02
3.794999999999999929e+00,5.951599999999999946e-02
3.799999999999999822e+00,2.298800000000000149e-02
3.805000000000000160e+00,-9.965800000000000353e-03
3.810000000000000053e+00,-3.539799999999999891e-02
3.814999999999999947e+00,-5.729800000000000171e-02
3.819999999999999840e+00,-7.891199999999999604e-02
3.825000000000000178e+00,-9.615200000000000136e-02
3.830000000000000071e+00,-1.093480000000000008e-01
3.834999999999999964e+00,-1.160280000000000061e-01
3.839999999999999858e+00,-1.170220000000000010e-01
3.845000000000000195e+00,-1.121079999999999993e-01
3.850000000000000089e+00,-1.037160000000000026e-01
3.854999999999999982e+00,-8.979399999999999882e-02
3.859999999999999876e+00,-7.015799999999999814e-02
3.865000000000000213e+00,-5.019799999999999957e-02
3.870000000000000107e+00,-2.959000000000000172e-02
3.875000000000000000e+00,-8.213399999999999174e-03
3.879999999999999893e+00,1.426780000000000062e-02
3.884999999999999787e+00,3.182200000000000306e-02
3.890000000000000124e+00,4.568400000000000238e-02
3.895000000000000018e+00,6.020199999999999857e-02
3.899999999999999911e+00,7.327799999999999592e-02
3.904999999999999805e+00,7.808800000000000463e-02
3.910000000000000142e+00,8.046799999999999786e-02
3.915000000000000036e+00,8.130999999999999339e-02
3.919999999999999929e+00,7.584599999999999675e-02
3.924999999999999822e+00,6.530199999999999894e-02
3.930000000000000160e+00,5.032799999999999774e-02
3.935000000000000053e+00,3.647799999999999654e-02
3.939999999999999947e+00,2.223199999999999829e-02
3.944999999999999840e+00,-4.463800000000000190e-04
3.950000000000000178e+00,-3.279399999999999676e-02
3.955000000000000071e+00,-5.885200000000000153e-02
3.959999999999999964e+00,-7.350600000000000189e-02
3.964999999999999858e+00,-8.171599999999999697e-02
3.970000000000000195e+00,-9.069000000000000672e-02
3.975000000000000089e+00,-9.916600000000000414e-02
3.979999999999999982e+00,-1.031920000000000059e-01
3.984999999999999876e+00,-1.073299999999999949e-01
3.990000000000000213e+00,-1.094719999999999999e-01
3.995000000000000107e+00,-1.064260000000000067e-01
4.000000000000000000e+00,-1.019540000000000030e-01
4.004999999999999893e+00,-9.557200000000000417e-02
4.009999999999999787e+00,-8.346599999999999853e-02
4.014999999999999680e+00,-6.564599999999999602e-02
4.019999999999999574e+00,-4.584599999999999786e-02
4.025000000000000355e+00,-2.045200000000000143e-02
4.030000000000000249e+00,7.308600000000000166e-03
4.035000000000000142e+00,3.186800000000000049e-02
4.040000000000000036e+00,4.742999999999999994e-02
4.044999999999999929e+00,6.164000000000000035e-02
4.049999999999999822e+00,8.223999999999999366e-02
4.054999999999999716e+00,9.881399999999999906e-02
4.059999999999999609e+00,1.085320000000000035e-01
4.065000000000000391e+00,1.132959999999999939e-01
4.070000000000000284e+00,1.138500000000000068e-01
4.075000000000000178e+00,1.107660000000000033e-01
4.080000000000000071e+00,1.027519999999999961e-01
4.084999999999999964e+00,9.156000000000000250e-02
4.089999999999999858e+00,7.957599999999999396e-02
4.094999999999999751e+00,6.475200000000000400e-02
4.099999999999999645e+00,4.691800000000000137e-02
4.105000000000000426e+00,2.944799999999999848e-02
4.110000000000000320e+00,1.459240000000000016e-02
4.115000000000000213e+00,2.608399999999999868e-03
4.120000000000000107e+00,-1.095619999999999927e-02
4.125000000000000000e+00,-2.331799999999999845e-02
4.129999999999999893e+00,-3.227399999999999713e-02
4.134999999999999787e+00,-3.950399999999999745e-02
4.139999999999999680e+00,-4.834399999999999809e-02
4.144999999999999574e+00,-5.775199999999999778e-02
4.150000000000000355e+00,-6.350799999999999501e-02
4.155000000000000249e+00,-6.606599999999999973e-02
4.160000000000000142e+00,-6.658999999999999642e-02
4.165000000000000036e+00,-6.351199999999999901e-02
4.169999999999999929e+00,-5.773600000000000260e-02
4.174999999999999822e+00,-5.099200000000000260e-02
4.179999999999999716e+00,-4.036800000000000110e-02
4.184999999999999609e+00,-2.494999999999999996e-02
4.190000000000000391e+00,-6.745600000000000034e-03
4.195000000000000284e+00,1.206800000000000060e-02
4.200000000000000178e+00,3.031599999999999920e-02
4.205000000000000071e+00,4.284000000000000308e-02
4.209999999999999964e+00,5.008599999999999858e-02
4.214999999999999858e+00,5.467999999999999944e-02
4.219999999999999751e+00,5.938999999999999835e-02
4.224999999999999645e+00,6.058000000000000190e-02
4.230000000000000426e+00,5.997199999999999753e-02
4.235000000000000320e+00,5.836199999999999721e-02
4.240000000000000213e+00,5.555199999999999722e-02
4.245000000000000107e+00,5.134799999999999781e-02
4.250000000000000000e+00,4.393799999999999789e-02
4.254999999999999893e+00,3.518199999999999800e-02
4.259999999999999787e+00,2.732599999999999960e-02
4.264999999999999680e+00,2.023199999999999998e-02
4.269999999999999574e+00,1.511979999999999921e-02
4.275000000000000355e+00,9.056200000000000361e-03
4.280000000000000249e+00,1.158579999999999983e-03
4.285000000000000142e+00,-4.350800000000000153e-03
4.290000000000000036e+00,-8.737200000000000522e-03
4.294999999999999929e+00,-1.419319999999999957e-02
4.299999999999999822e+00,-2.054599999999999829e-02
4.304999999999999716e+00,-2.524600000000000108e-02
4.309999999999999609e+00,-2.719799999999999995e-02
4.315000000000000391e+00,-3.172799999999999926e-02
4.320000000000000284e+00,-3.862399999999999861e-02
4.325000000000000178e+00,-4.445400000000000046e-02
4.330000000000000071e+00,-4.899599999999999789e-02
4.334999999999999964e+00,-5.126800000000000107e-02
4.339999999999999858e+00,-5.525200000000000250e-02
4.344999999999999751e+00,-5.825000000000000316e-02
4.349999999999999645e+00,-5.672599999999999865e-02
4.355000000000000426e+00,-5.335199999999999665e-02
4.360000000000000320e+00,-5.120600000000000152e-02
4.365000000000000213e+00,-5.006200000000000233e-02
4.370000000000000107e+00,-4.832999999999999796e-02
4.375000000000000000e+00,-4.395000000000000295e-02
4.379999999999999893e+00,-3.923000000000000098e-02
4.384999999999999787e+00,-3.649600000000000066e-02
4.389999999999999680e+00,-3.540399999999999797e-02
4.394999999999999574e+00,-3.393999999999999795e-02
4.400000000000000355e+00,-3.040999999999999953e-02
4.405000000000000249e+00,-2.655799999999999828e-02
4.410000000000000142e+00,-2.346000000000000169e-02
4.415000000000000036e+00,-2.076799999999999827e-02
4.419999999999999929e+00,-1.645260000000000125e-02
4.424999999999999822e+00,-8.474000000000000629e-03
4.429999999999999716e+00,1.513599999999999928e-03
4.434999999999999609e+00,9.974600000000000133e-03
4.440000000000000391e+00,1.957920000000000146e-02
4.445000000000000284e+00,3.156199999999999978e-02
4.450000000000000178e+00,4.317399999999999710e-02
4.455000000000000071e+00,5.136999999999999900e-02
4.459999999999999964e+00,5.726200000000000040e-02
4.464999999999999858e+00,6.112399999999999778e-02
4.469999999999999751e+00,6.289799999999999558e-02
4.474999999999999645e+00,6.389999999999999847e-02
4.480000000000000426e+00,6.605800000000000560e-02
4.485000000000000320e+00,6.702199999999999824e-02
4.490000000000000213e+00,6.494199999999999973e-02
4.495000000000000107e+00,6.556399999999999728e-02
4.500000000000000000e+00,6.543999999999999817e-02
4.504999999999999893e+00,6.206400000000000111e-02
4.509999999999999787e+00,5.681599999999999845e-02
4.514999999999999680e+00,4.639200000000000268e-02
4.519999999999999574e+00,3.413200000000000262e-02
4.525000000000000355e+00,2.145599999999999938e-02
4.530000000000000249e+00,8.262399999999999606e-03
4.535000000000000142e+00,-4.278800000000000138e-03
4.540000000000000036e+00,-2.050000000000000086e-02
4.544999999999999929e+00,-3.549399999999999777e-02
4.549999999999999822e+00,-4.647199999999999942e-02
4.554999999999999716e+00,-5.250599999999999712e-02
4.559999999999999609e+00,-5.766600000000000198e-02
4.565000000000000391e+00,-6.462800000000000489e-02
4.570000000000000284e+00,-7.210800000000000542e-02
4.575000000000000178e+00,-7.407999999999999308e-02
4.580000000000000071e+00,-7.368199999999999750e-02
4.584999999999999964e+00,-7.212999999999999967e-02
4.589999999999999858e+00,-7.031400000000000150e-02
4.594999999999999751e+00,-6.603599999999999748e-02
4.599999999999999645e+00,-5.831800000000000178e-02
4.605000000000000426e+00,-4.912400000000000100e-02
4.610000000000000320e+00,-4.035600000000000298e-02
4.615000000000000213e+00,-2.963400000000000062e-02
4.620000000000000107e+00,-1.536299999999999992e-02
4.625000000000000000e+00,7.390400000000000528e-04
4.629999999999999893e+00,1.489820000000000033e-02
4.634999999999999787e+00,2.857600000000000071e-02
4.639999999999999680e+00,4.148999999999999910e-02
4.644999999999999574e+00,5.456600000000000339e-02
4.650000000000000355e+00,6.252199999999999425e-02
4.655000000000000249e+00,6.436999999999999666e-02
4.660000000000000142e+00,6.582999999999999963e-02
4.665000000000000036e+00,6.992800000000000404e-02
4.669999999999999929e+00,7.133200000000000651e-02
4.674999999999999822e+00,6.509600000000000108e-02
4.679999999999999716e+00,5.940200000000000341e-02
4.684999999999999609e+00,5.682600000000000151e-02
4.690000000000000391e+00,5.277799999999999853e-02
4.695000000000000284e+00,4.682399999999999757e-02
4.700000000000000178e+00,4.053799999999999765e-02
4.705000000000000071e+00,3.637200000000000155e-02
4.709999999999999964e+00,3.084200000000000136e-02
4.714999999999999858e+00,2.149799999999999975e-02
4.719999999999999751e+00,1.102400000000000081e-02
4.724999999999999645e+00,3.286400000000000085e-03
4.730000000000000426e+00,-2.809600000000000205e-03
4.735000000000000320e+00,-1.122800000000000013e-02
4.740000000000000213e+00,-2.102400000000000102e-02
4.745000000000000107e+00,-3.079399999999999846e-02
4.750000000000000000e+00,-4.029800000000000049e-02
4.754999999999999893e+00,-5.013600000000000001e-02
4.759999999999999787e+00,-5.865200000000000274e-02
4.764999999999999680e+00,-6.290400000000000158e-02
4.769999999999999574e+00,-6.477199999999999624e-02
4.775000000000000355e+00,-6.439000000000000279e-02
4.780000000000000249e+00,-6.167199999999999765e-02
4.785000000000000142e+00,-5.876599999999999879e-02
4.790000000000000036e+00,-5.041000000000000342e-02
4.794999999999999929e+00,-3.851600000000000162e-02
4.799999999999999822e+00,-2.506600000000000147e-02
4.804999999999999716e+00,-1.106359999999999982e-02
4.809999999999999609e+00,1.257059999999999948e-03
4.815000000000000391e+00,1.436300000000000077e-02
4.820000000000000284e+00,2.357800000000000173e-02
4.825000000000000178e+00,2.944000000000000089e-02
4.830000000000000071e+00,3.656999999999999834e-02
4.834999999999999964e+00,4.685000000000000275e-02
4.839999999999999858e+00,5.471800000000000275e-02
4.844999999999999751e+00,5.837599999999999734e-02
4.849999999999999645e+00,6.335399999999999365e-02
4.855000000000000426e+00,6.979200000000000681e-02
4.860000000000000320e+00,7.181800000000000683e-02
4.865000000000000213e+00,7.038400000000000212e-02
4.870000000000000107e+00,6.743399999999999395e-02
4.875000000000000000e+00,6.171200000000000296e-02
4.879999999999999893e+00,5.260000000000000092e-02
4.884999999999999787e+00,4.293000000000000288e-02
4.889999999999999680e+00,3.100999999999999937e-02
4.894999999999999574e+00,1.659839999999999927e-02
4.900000000000000355e+00,5.162399999999999498e-04
4.905000000000000249e+00,-1.624379999999999921e-02
4.910000000000000142e+00,-3.310599999999999654e-02
4.915000000000000036e+00,-4.692600000000000243e-02
4.919999999999999929e+00,-5.765599999999999892e-02
4.924999999999999822e+00,-6.783799999999999553e-02
4.929999999999999716e+00,-7.388999999999999735e-02
4.934999999999999609e+00,-7.671400000000000441e-02
4.940000000000000391e+00,-8.377600000000000324e-02
4.945000000000000284e+00,-9.249400000000000677e-02
4.950000000000000178e+00,-9.664000000000000368e-02
4.955000000000000071e+00,-9.671200000000000629e-02
4.959999999999999964e+00,-9.366399999999999726e-02
4.964999999999999858e+00,-8.906600000000000628e-02
4.969999999999999751e+00,-8.295600000000000196e-02
4.974999999999999645e+00,-7.496600000000000485e-02
4.980000000000000426e+00,-6.509600000000000108e-02
4.985000000000000320e+00,-5.347199999999999870e-02
4.990000000000000213e+00,-4.157600000000000184e-02
4.995000000000000107e+00,-3.029600000000000001e-02
5.000000000000000000e+00,-1.940499999999999864e-02
5.004999999999999893e+00,-7.778400000000000418e-03
5.009999999999999787e+00,3.217999999999999940e-03
5.014999999999999680e+00,1.408000000000000050e-02
5.019999999999999574e+00,2.312799999999999925e-02
5.025000000000000355e+00,2.807799999999999879e-02
5.030000000000000249e+00,3.442800000000000027e-02
5.035000000000000142e+00,3.924199999999999910e-02
5.040000000000000036e+00,3.866800000000000098e-02
5.044999999999999929e+00,3.879799999999999915e-02
5.049999999999999822e+00,4.488999999999999935e-02
5.054999999999999716e+00,5.181399999999999895e-02
5.059999999999999609e+00,5.379799999999999860e-02
5.065000000000000391e+00,5.215800000000000297e-02
5.070000000000000284e+00,5.126599999999999907e-02
5.075000000000000178e+00,5.277600000000000346e-02
5.080000000000000071e+00,5.519799999999999707e-02
5.084999999999999964e+00,5.831800000000000178e-02
5.089999999999999858e+00,5.963999999999999857e-02
5.094999999999999751e+00,5.975199999999999956e-02
5.099999999999999645e+00,5.995400000000000035e-02
5.105000000000000426e+00,5.986999999999999961e-02
5.110000000000000320e+00,5.763999999999999679e-02
5.115000000000000213e+00,5.525999999999999662e-02
5.120000000000000107e+00,5.352400000000000213e-02
5.125000000000000000e+00,4.895999999999999658e-02
5.129999999999999893e+00,4.100000000000000172e-02
5.134999999999999787e+00,3.131599999999999662e-02
5.139999999999999680e+00,2.071599999999999830e-02
5.144999999999999574e+00,1.110880000000000027e-02
5.150000000000000355e+00,-3.869999999999999742e-04
5.155000000000000249e+00,-5.851600000000000204e-03
5.160000000000000142e+00,-6.721399999999999771e-03
5.165000000000000036e+00,-8.387000000000000358e-03
5.169999999999999929e+00,-1.447720000000000083e-02
5.174999999999999822e+00,-2.414000000000000173e-02
5.179999999999999716e+00,-3.244999999999999968e-02
5.184999999999999609e+00,-3.831400000000000083e-02
5.190000000000000391e+00,-4.136599999999999999e-02
5.195000000000000284e+00,-4.578200000000000325e-02
5.200000000000000178e+00,-5.372400000000000092e-02
5.205000000000000071e+00,-6.145799999999999874e-02
5.209999999999999964e+00,-6.539799999999999780e-02
5.214999999999999858e+00,-6.642399999999999693e-02
5.219999999999999751e+00,-6.510399999999999521e-02
5.224999999999999645e+00,-6.050200000000000022e-02
5.230000000000000426e+00,-5.294999999999999707e-02
5.235000000000000320e+00,-4.376200000000000229e-02
5.240000000000000213e+00,-3.349200000000000094e-02
5.245000000000000107e+00,-2.051400000000000098e-02
5.250000000000000000e+00,-6.334000000000000220e-03
5.254999999999999893e+00,6.269799999999999852e-03
5.259999999999999787e+00,1.849119999999999930e-02
5.264999999999999680e+00,3.030599999999999961e-02
5.269999999999999574e+00,4.023199999999999693e-02
5.275000000000000355e+00,4.585000000000000187e-02
5.280000000000000249e+00,4.866600000000000092e-02
5.285000000000000142e+00,5.285200000000000314e-02
5.290000000000000036e+00,5.401399999999999951e-02
5.294999999999999929e+00,5.313799999999999774e-02
5.299999999999999822e+00,5.222799999999999665e-02
5.304999999999999716e+00,4.971400000000000124e-02
5.309999999999999609e+00,4.431800000000000322e-02
5.315000000000000391e+00,3.825200000000000128e-02
5.320000000000000284e+00,3.273000000000000215e-02
5.325000000000000178e+00,2.585600000000000051e-02
5.330000000000000071e+00,1.834560000000000010e-02
5.334999999999999964e+00,1.172980000000000030e-02
5.339999999999999858e+00,5.655399999999999663e-03
5.344999999999999751e+00,4.720999999999999828e-04
5.349999999999999645e+00,-5.327400000000000364e-03
5.355000000000000426e+00,-1.051099999999999951e-02
5.360000000000000320e+00,-1.430039999999999957e-02
5.365000000000000213e+00,-2.208399999999999946e-02
5.370000000000000107e+00,-3.147599999999999704e-02
5.375000000000000000e+00,-3.624200000000000338e-02
5.379999999999999893e+00,-3.912399999999999906e-02
5.384999999999999787e+00,-4.091199999999999698e-02
5.389999999999999680e+00,-4.487599999999999922e-02
5.394999999999999574e+00,-4.756599999999999717e-02
5.400000000000000355e+00,-4.474399999999999905e-02
5.405000000000000249e+00,-4.030799999999999661e-02
5.410000000000000142e+00,-3.628800000000000081e-02
5.415000000000000036e+00,-3.196600000000000136e-02
5.419999999999999929e+00,-2.670399999999999857e-02
5.424999999999999822e+00,-1.927999999999999853e-02
5.429999999999999716e+00,-1.241480000000000014e-02
5.434999999999999609e+00,-8.130000000000000074e-03
5.440000000000000391e+00,-5.461399999999999935e-03
5.445000000000000284e+00,-3.592600000000000047e-03
5.450000000000000178e+00,-1.096559999999999896e-03
5.455000000000000071e+00,2.071799999999999944e-03
5.459999999999999964e+00,2.150399999999999794e-03
5.464999999999999858e+00,-2.217599999999999910e-05
5.469999999999999751e+00,-1.129259999999999986e-03
5.474999999999999645e+00,3.179200000000000190e-04
5.480000000000000426e+00,1.328839999999999969e-03
5.485000000000000320e+00,-1.801820000000000038e-04
5.490000000000000213e+00,-1.344680000000000007e-03
5.495000000000000107e+00,-1.576879999999999905e-03
5.500000000000000000e+00,-2.874600000000000159e-03
5.504999999999999893e+00,-5.345199999999999604e-03
5.509999999999999787e+00,-5.481399999999999988e-03
5.514999999999999680e+00,-4.698800000000000372e-03
5.519999999999999574e+00,-6.472600000000000228e-03
5.525000000000000355e+00,-7.829199999999999701e-03
5.530000000000000249e+00,-6.422800000000000210e-03
5.535000000000000142e+00,-5.027600000000000124e-03
5.540000000000000036e+00,-6.902199999999999828e-03
5.544999999999999929e+00,-9.532600000000000448e-03
5.549999999999999822e+00,-6.290399999999999811e-03
5.554999999999999716e+00,2.146799999999999924e-03
5.559999999999999609e+00,5.375600000000000343e-03
5.565000000000000391e+00,3.960400000000000205e-03
5.570000000000000284e+00,3.890600000000000135e-03
5.575000000000000178e+00,5.856199999999999774e-03
5.580000000000000071e+00,7.296999999999999667e-03
5.584999999999999964e+00,9.137199999999999836e-03
5.589999999999999858e+00,1.095939999999999935e-02
5.594999999999999751e+00,1.155559999999999921e-02
5.599999999999999645e+00,1.202839999999999986e-02
5.605000000000000426e+00,1.337580000000000019e-02
5.610000000000000320e+00,1.311799999999999945e-02
5.615000000000000213e+00,1.060159999999999922e-02
5.620000000000000107e+00,8.193999999999999895e-03
5.625000000000000000e+00,6.599599999999999737e-03
5.629999999999999893e+00,3.713800000000000174e-03
5.634999999999999787e+00,-4.751599999999999704e-05
5.639999999999999680e+00,-4.802599999999999751e-03
5.644999999999999574e+00,-7.935599999999999252e-03
5.650000000000000355e+00,-1.010259999999999977e-02
5.655000000000000249e+00,-1.255999999999999998e-02
5.660000000000000142e+00,-1.198579999999999958e-02
5.665000000000000036e+00,-7.702999999999999778e-03
5.669999999999999929e+00,-1.713359999999999926e-03
5.674999999999999822e+00,6.820599999999999580e-04
5.679999999999999716e+00,2.845599999999999996e-04
5.684999999999999609e+00,1.906560000000000069e-03
5.690000000000000391e+00,7.126600000000000296e-03
5.695000000000000284e+00,1.387760000000000035e-02
5.700000000000000178e+00,1.963459999999999858e-02
5.705000000000000071e+00,2.331599999999999992e-02
5.709999999999999964e+00,2.623800000000000091e-02
5.714999999999999858e+00,2.971999999999999989e-02
5.719999999999999751e+00,3.579000000000000237e-02
5.724999999999999645e+00,4.227600000000000108e-02
5.730000000000000426e+00,4.422000000000000236e-02
5.735000000000000320e+00,4.658199999999999841e-02
5.740000000000000213e+00,5.282599999999999796e-02
5.745000000000000107e+00,5.935599999999999904e-02
5.750000000000000000e+00,6.189599999999999963e-02
5.754999999999999893e+00,6.092000000000000193e-02
5.759999999999999787e+00,5.808200000000000168e-02
5.764999999999999680e+00,5.745399999999999813e-02
5.769999999999999574e+00,5.659600000000000047e-02
5.775000000000000355e+00,5.273599999999999816e-02
5.780000000000000249e+00,4.729599999999999776e-02
5.785000000000000142e+00,3.949400000000000133e-02
5.790000000000000036e+00,2.863399999999999973e-02
5.794999999999999929e+00,1.636100000000000054e-02
5.799999999999999822e+00,7.203000000000000201e-03
5.804999999999999716e+00,-3.318799999999999788e-03
5.809999999999999609e+00,-1.620560000000000056e-02
5.815000000000000391e+00,-2.761999999999999872e-02
5.820000000000000284e+00,-3.617200000000000276e-02
5.825000000000000178e+00,-4.148400000000000004e-02
5.830000000000000071e+00,-4.862400000000000055e-02
5.834999999999999964e+00,-5.670000000000000040e-02
5.839999999999999858e+00,-6.246999999999999775e-02
5.844999999999999751e+00,-6.841800000000000659e-02
5.849999999999999645e+00,-7.553200000000000192e-02
5.855000000000000426e+00,-7.853999999999999870e-02
5.860000000000000320e+00,-7.853000000000000258e-02
5.865000000000000213e+00,-7.933400000000000174e-02
5.870000000000000107e+00,-8.214200000000000668e-02
5.875000000000000000e+00,-8.164599999999999635e-02
5.879999999999999893e+00,-7.494800000000000073e-02
5.884999999999999787e+00,-6.845199999999999896e-02
5.889999999999999680e+00,-6.593599999999999461e-02
5.894999999999999574e+00,-5.450399999999999689e-02
5.900000000000000355e+00,-3.702600000000000335e-02
5.905000000000000249e+00,-2.420599999999999835e-02
5.910000000000000142e+00,-1.624859999999999846e-02
5.915000000000000036e+00,-6.533999999999999878e-03
5.919999999999999929e+00,2.695799999999999932e-03
5.924999999999999822e+00,8.796200000000000546e-03
5.929999999999999716e+00,1.420560000000000052e-02
5.934999999999999609e+00,1.971159999999999926e-02
5.940000000000000391e+00,2.558200000000000057e-02
5.945000000000000284e+00,2.752399999999999985e-02
5.950000000000000178e+00,2.896400000000000016e-02
5.955000000000000071e+00,3.055000000000000077e-02
5.959999999999999964e+00,3.336200000000000276e-02
5.964999999999999858e+00,3.573199999999999987e-02
5.969999999999999751e+00,3.649000000000000160e-02
5.974999999999999645e+00,3.568199999999999844e-02
5.980000000000000426e+00,3.639799999999999980e-02
5.985000000000000320e+00,3.885600000000000165e-02
5.990000000000000213e+00,3.906599999999999656e-02
5.995000000000000107e+00,3.993599999999999928e-02
6.000000000000000000e+00,3.991399999999999809e-02
6.004999999999999893e+00,3.820199999999999985e-02
6.009999999999999787e+00,3.629199999999999787e-02
6.014999999999999680e+00,3.411800000000000249e-02
6.019999999999999574e+00,3.194999999999999923e-02
6.025000000000000355e+00,2.698199999999999904e-02
6.030000000000000249e+00,2.199399999999999966e-02
6.035000000000000142e+00,1.556800000000000024e-02
6.040000000000000036e+00,5.678400000000000114e-03
6.044999999999999929e+00,-1.056719999999999925e-03
6.049999999999999822e+00,-3.758000000000000056e-03
6.054999999999999716e+00,-5.334199999999999879e-03
6.059999999999999609e+00,-1.002680000000000064e-02
6.065000000000000391e+00,-1.686659999999999895e-02
6.070000000000000284e+00,-2.190200000000000133e-02
6.075000000000000178e+00,-2.573200000000000140e-02
6.080000000000000071e+00,-2.824399999999999827e-02
6.084999999999999964e+00,-3.145200000000000079e-02
6.089999999999999858e+00,-3.345200000000000257e-02
6.094999999999999751e+00,-3.456599999999999950e-02
6.099999999999999645e+00,-3.493999999999999884e-02
6.105000000000000426e+00,-3.545199999999999740e-02
6.110000000000000320e+00,-3.611400000000000027e-02
6.115000000000000213e+00,-3.818200000000000066e-02
6.120000000000000107e+00,-3.982800000000000229e-02
6.125000000000000000e+00,-3.925599999999999923e-02
6.129999999999999893e+00,-3.610399999999999721e-02
6.134999999999999787e+00,-3.095600000000000088e-02
6.139999999999999680e+00,-2.468800000000000161e-02
6.144999999999999574e+00,-1.910119999999999874e-02
6.150000000000000355e+00,-1.223259999999999972e-02
6.155000000000000249e+00,-5.548400000000000207e-03
6.160000000000000142e+00,3.503399999999999830e-03
6.165000000000000036e+00,1.167379999999999980e-02
6.169999999999999929e+00,1.437279999999999981e-02
6.174999999999999822e+00,1.121779999999999999e-02
6.179999999999999716e+00,7.863600000000000104e-03
6.184999999999999609e+00,7.988999999999999574e-03
6.190000000000000391e+00,1.093260000000000065e-02
6.195000000000000284e+00,1.495420000000000083e-02
6.200000000000000178e+00,1.635920000000000082e-02
6.205000000000000071e+00,1.622060000000000168e-02
6.209999999999999964e+00,1.707720000000000071e-02
6.214999999999999858e+00,1.910740000000000008e-02
6.219999999999999751e+00,2.180199999999999846e-02
6.224999999999999645e+00,2.280000000000000082e-02
6.230000000000000426e+00,2.221400000000000111e-02
6.235000000000000320e+00,2.131200000000000108e-02
6.240000000000000213e+00,2.325400000000000036e-02
6.245000000000000107e+00,2.557999999999999857e-02
6.250000000000000000e+00,2.493400000000000130e-02
6.254999999999999893e+00,2.272800000000000167e-02
6.259999999999999787e+00,1.951840000000000172e-02
6.264999999999999680e+00,1.519140000000000074e-02
6.269999999999999574e+00,1.154340000000000054e-02
6.275000000000000355e+00,9.713199999999999959e-03
6.280000000000000249e+00,7.844600000000000184e-03
6.285000000000000142e+00,4.995600000000000214e-03
6.290000000000000036e+00,2.731599999999999827e-03
6.294999999999999929e+00,1.304800000000000057e-03
6.299999999999999822e+00,-6.652000000000000144e-04
6.304999999999999716e+00,-2.977000000000000045e-03
6.309999999999999609e+00,-3.533199999999999796e-03
6.315000000000000391e+00,-5.304399999999999914e-03
6.320000000000000284e+00,-3.092199999999999810e-03
6.325000000000000178e+00,2.314200000000000198e-03
6.330000000000000071e+00,1.520300000000000037e-03
6.334999999999999964e+00,-2.958999999999999825e-03
6.339999999999999858e+00,-3.181400000000000027e-03
6.344999999999999751e+00,-5.247200000000000041e-04
6.349999999999999645e+00,-7.546200000000000086e-04
6.355000000000000426e+00,-4.883000000000000188e-03
6.360000000000000320e+00,-8.768200000000000299e-03
6.365000000000000213e+00,-1.009999999999999960e-02
6.370000000000000107e+00,-1.077400000000000059e-02
6.375000000000000000e+00,-1.216279999999999965e-02
6.379999999999999893e+00,-1.492319999999999931e-02
6.384999999999999787e+00,-1.718980000000000161e-02
6.389999999999999680e+00,-1.750700000000000173e-02
6.394999999999999574e+00,-1.760379999999999931e-02
6.400000000000000355e+00,-1.886020000000000058e-02
6.405000000000000249e+00,-1.800960000000000061e-02
6.410000000000000142e+00,-1.632279999999999842e-02
6.415000000000000036e+00,-1.562320000000000028e-02
6.419999999999999929e+00,-1.469819999999999981e-02
6.424999999999999822e+00,-1.334980000000000021e-02
6.429999999999999716e+00,-1.253540000000000036e-02
6.434999999999999609e+00,-1.283879999999999917e-02
6.440000000000000391e+00,-1.351540000000000033e-02
6.445000000000000284e+00,-1.159340000000000023e-02
6.450000000000000178e+00,-7.440800000000000018e-03
6.455000000000000071e+00,-3.718599999999999857e-03
6.459999999999999964e+00,-3.431800000000000041e-03
6.464999999999999858e+00,-3.361600000000000178e-03
6.469999999999999751e+00,-2.553800000000000167e-03
6.474999999999999645e+00,-3.241599999999999863e-03
6.480000000000000426e+00,-2.599600000000000088e-03
6.485000000000000320e+00,8.960799999999999993e-05
6.490000000000000213e+00,1.706279999999999906e-03
6.495000000000000107e+00,2.051799999999999891e-03
6.500000000000000000e+00,1.232360000000000053e-03
6.504999999999999893e+00,2.715400000000000192e-03
6.509999999999999787e+00,5.534999999999999989e-03
6.514999999999999680e+00,7.109800000000000321e-03
6.519999999999999574e+00,7.870600000000000165e-03
6.525000000000000355e+00,8.843800000000000619e-03
6.530000000000000249e+00,9.432599999999999318e-03
6.535000000000000142e+00,1.002540000000000028e-02
6.540000000000000036e+00,1.075779999999999965e-02
6.544999999999999929e+00,1.259500000000000029e-02
6.549999999999999822e+00,1.724720000000000072e-02
6.554999999999999716e+00,1.961979999999999974e-02
6.559999999999999609e+00,1.886459999999999873e-02
6.565000000000000391e+00,1.780139999999999847e-02
6.570000000000000284e+00,1.765239999999999865e-02
6.575000000000000178e+00,1.968320000000000139e-02
6.580000000000000071e+00,2.252799999999999941e-02
6.584999999999999964e+00,2.435599999999999918e-02
6.589999999999999858e+00,2.622400000000000078e-02
6.594999999999999751e+00,2.764600000000000043e-02
6.599999999999999645e+00,2.872999999999999859e-02
6.605000000000000426e+00,3.106599999999999986e-02
6.610000000000000320e+00,3.272800000000000015e-02
6.615000000000000213e+00,3.339199999999999807e-02
6.620000000000000107e+00,3.333799999999999958e-02
6.625000000000000000e+00,3.338399999999999701e-02
6.629999999999999893e+00,3.088000000000000120e-02
6.634999999999999787e+00,2.708599999999999897e-02
6.639999999999999680e+00,2.426999999999999991e-02
6.644999999999999574e+00,2.001000000000000001e-02
6.650000000000000355e+00,1.378079999999999930e-02
6.655000000000000249e+00,1.000739999999999963e-02
6.660000000000000142e+00,6.257999999999999674e-03
6.665000000000000036e+00,3.930399999999999693e-03
6.669999999999999929e+00,1.010620000000000051e-03
6.674999999999999822e+00,-8.355599999999999486e-03
6.679999999999999716e+00,-2.161799999999999833e-02
6.684999999999999609e+00,-2.871800000000000047e-02
6.690000000000000391e+00,-3.096399999999999847e-02
6.695000000000000284e+00,-3.230600000000000138e-02
6.700000000000000178e+00,-3.524999999999999661e-02
6.705000000000000071e+00,-3.869399999999999923e-02
6.709999999999999964e+00,-3.923399999999999804e-02
6.714999999999999858e+00,-3.859200000000000130e-02
6.719999999999999751e+00,-3.653800000000000103e-02
6.724999999999999645e+00,-3.290799999999999975e-02
6.730000000000000426e+00,-2.784599999999999922e-02
6.735000000000000320e+00,-2.109799999999999870e-02
6.740000000000000213e+00,-1.292860000000000016e-02
6.745000000000000107e+00,-3.528599999999999792e-03
6.750000000000000000e+00,6.059000000000000150e-03
6.754999999999999893e+00,1.311559999999999983e-02
6.759999999999999787e+00,1.917179999999999926e-02
6.764999999999999680e+00,2.234200000000000075e-02
6.769999999999999574e+00,2.372200000000000003e-02
6.775000000000000355e+00,2.409599999999999936e-02
6.780000000000000249e+00,2.431399999999999881e-02
6.785000000000000142e+00,2.574200000000000099e-02
6.790000000000000036e+00,2.626200000000000062e-02
6.794999999999999929e+00,2.464799999999999977e-02
6.799999999999999822e+00,2.259600000000000150e-02
6.804999999999999716e+00,1.910040000000000002e-02
6.809999999999999609e+00,1.503939999999999964e-02
6.815000000000000391e+00,1.164899999999999963e-02
6.820000000000000284e+00,8.655400000000000593e-03
6.825000000000000178e+00,3.668999999999999952e-03
6.830000000000000071e+00,-1.341179999999999976e-03
6.834999999999999964e+00,-4.901800000000000428e-03
6.839999999999999858e+00,-9.223399999999999654e-03
6.844999999999999751e+00,-1.403420000000000015e-02
6.849999999999999645e+00,-1.737359999999999946e-02
6.855000000000000426e+00,-2.017199999999999896e-02
6.860000000000000320e+00,-2.343200000000000144e-02
6.865000000000000213e+00,-2.718800000000000036e-02
6.870000000000000107e+00,-3.070200000000000012e-02
6.875000000000000000e+00,-3.321400000000000047e-02
6.879999999999999893e+00,-3.263400000000000328e-02
6.884999999999999787e+00,-3.191800000000000193e-02
6.889999999999999680e+00,-2.941600000000000117e-02
6.894999999999999574e+00,-2.627600000000000074e-02
6.900000000000000355e+00,-2.455399999999999944e-02
6.905000000000000249e+00,-2.291199999999999834e-02
6.910000000000000142e+00,-1.861600000000000060e-02
6.915000000000000036e+00,-1.373480000000000013e-02
6.919999999999999929e+00,-8.531199999999999201e-03
6.924999999999999822e+00,-2.744000000000000020e-04
6.929999999999999716e+00,5.383399999999999991e-03
6.934999999999999609e+00,6.695600000000000336e-03
6.940000000000000391e+00,7.726600000000000135e-03
6.945000000000000284e+00,1.076039999999999983e-02
6.950000000000000178e+00,1.364800000000000041e-02
6.955000000000000071e+00,1.514919999999999982e-02
6.959999999999999964e+00,1.541179999999999981e-02
6.964999999999999858e+00,1.574920000000000139e-02
6.969999999999999751e+00,1.549080000000000075e-02
6.974999999999999645e+00,1.348240000000000029e-02
6.980000000000000426e+00,9.903600000000000250e-03
6.985000000000000320e+00,4.795999999999999916e-03
6.990000000000000213e+00,-1.313659999999999915e-03
6.995000000000000107e+00,-9.282399999999999679e-03
7.000000000000000000e+00,-1.614099999999999910e-02
7.004999999999999893e+00,-1.932920000000000124e-02
7.009999999999999787e+00,-2.019800000000000068e-02
7.014999999999999680e+00,-2.353999999999999843e-02
7.019999999999999574e+00,-2.895000000000000004e-02
7.025000000000000355e+00,-3.221600000000000158e-02
7.030000000000000249e+00,-3.457199999999999857e-02
7.035000000000000142e+00,-3.688199999999999812e-02
7.040000000000000036e+00,-4.275799999999999740e-02
7.044999999999999929e+00,-4.706599999999999673e-02
7.049999999999999822e+00,-4.583600000000000174e-02
7.054999999999999716e+00,-4.064600000000000157e-02
7.059999999999999609e+00,-3.557600000000000345e-02
7.065000000000000391e+00,-3.334199999999999664e-02
7.070000000000000284e+00,-3.155600000000000072e-02
7.075000000000000178e+00,-2.453999999999999931e-02
7.080000000000000071e+00,-1.412700000000000067e-02
7.084999999999999964e+00,-2.920199999999999966e-03
7.089999999999999858e+00,6.035600000000000340e-03
7.094999999999999751e+00,1.052020000000000038e-02
7.099999999999999645e+00,1.703100000000000100e-02
7.105000000000000426e+00,2.551199999999999996e-02
7.110000000000000320e+00,3.634799999999999837e-02
7.115000000000000213e+00,4.625800000000000051e-02
7.120000000000000107e+00,5.371399999999999786e-02
7.125000000000000000e+00,6.145799999999999874e-02
7.129999999999999893e+00,6.518200000000000383e-02
7.134999999999999787e+00,6.821199999999999486e-02
7.139999999999999680e+00,7.205000000000000293e-02
7.144999999999999574e+00,7.309400000000000619e-02
7.150000000000000355e+00,7.031199999999999950e-02
7.155000000000000249e+00,6.521200000000000607e-02
7.160000000000000142e+00,6.257200000000000262e-02
7.165000000000000036e+00,6.176999999999999852e-02
7.169999999999999929e+00,6.052199999999999941e-02
7.174999999999999822e+00,5.378800000000000248e-02
7.179999999999999716e+00,4.268399999999999972e-02
7.184999999999999609e+00,2.746399999999999883e-02
7.190000000000000391e+00,1.328599999999999920e-02
7.195000000000000284e+00,4.567200000000000426e-03
7.200000000000000178e+00,3.052199999999999813e-04
7.205000000000000071e+00,-3.212399999999999804e-04
7.209999999999999964e+00,-9.851999999999999647e-03
7.214999999999999858e+00,-2.416799999999999851e-02
7.219999999999999751e+00,-2.977799999999999891e-02
7.224999999999999645e+00,-3.152599999999999847e-02
7.230000000000000426e+00,-3.492399999999999671e-02
7.235000000000000320e+00,-3.957000000000000101e-02
7.240000000000000213e+00,-4.340000000000000108e-02
7.245000000000000107e+00,-4.472000000000000280e-02
7.250000000000000000e+00,-4.214199999999999890e-02
7.254999999999999893e+00,-3.995400000000000340e-02
7.259999999999999787e+00,-3.899400000000000088e-02
7.264999999999999680e+00,-3.993800000000000128e-02
7.269999999999999574e+00,-4.199399999999999661e-02
7.275000000000000355e+00,-4.403800000000000076e-02
7.280000000000000249e+00,-4.231000000000000039e-02
7.285000000000000142e+00,-3.765399999999999997e-02
7.290000000000000036e+00,-3.552799999999999708e-02
7.294999999999999929e+00,-3.647399999999999948e-02
7.299999999999999822e+00,-3.673599999999999782e-02
7.304999999999999716e+00,-3.374800000000000022e-02
7.309999999999999609e+00,-3.124199999999999894e-02
7.315000000000000391e+00,-3.007599999999999857e-02
7.320000000000000284e+00,-2.797200000000000034e-02
7.325000000000000178e+00,-2.289400000000000115e-02
7.330000000000000071e+00,-1.408339999999999939e-02
7.334999999999999964e+00,-8.028199999999999226e-03
7.339999999999999858e+00,-6.003800000000000109e-03
7.344999999999999751e+00,-2.749199999999999821e-03
7.349999999999999645e+00,7.049200000000000474e-04
7.355000000000000426e+00,1.694820000000000094e-03
7.360000000000000320e+00,7.851000000000000340e-03
7.365000000000000213e+00,1.669999999999999957e-02
7.370000000000000107e+00,1.972099999999999895e-02
7.375000000000000000e+00,2.182600000000000165e-02
7.379999999999999893e+00,2.509199999999999972e-02
7.384999999999999787e+00,3.073800000000000143e-02
7.389999999999999680e+00,3.703399999999999748e-02
7.394999999999999574e+00,4.076599999999999668e-02
7.400000000000000355e+00,4.232400000000000051e-02
7.405000000000000249e+00,4.457400000000000251e-02
7.410000000000000142e+00,4.506399999999999989e-02
7.415000000000000036e+00,4.306200000000000305e-02
7.419999999999999929e+00,4.075800000000000256e-02
7.424999999999999822e+00,4.063800000000000051e-02
7.429999999999999716e+00,3.908199999999999869e-02
7.434999999999999609e+00,3.513800000000000257e-02
7.440000000000000391e+00,3.089199999999999932e-02
7.445000000000000284e+00,2.726400000000000004e-02
7.450000000000000178e+00,2.639999999999999986e-02
7.455000000000000071e+00,2.272199999999999914e-02
7.459999999999999964e+00,1.544039999999999996e-02
7.464999999999999858e+00,9.251000000000000542e-03
7.469999999999999751e+00,6.262000000000000205e-03
7.474999999999999645e+00,5.179399999999999803e-03
7.480000000000000426e+00,3.713000000000000154e-03
7.485000000000000320e+00,1.204460000000000079e-03
7.490000000000000213e+00,-1.500880000000000009e-03
7.495000000000000107e+00,-4.244600000000000282e-03
7.500000000000000000e+00,-6.174800000000000254e-03
7.504999999999999893e+00,-8.937399999999999858e-03
7.509999999999999787e+00,-1.023340000000000014e-02
7.514999999999999680e+00,-9.158799999999999927e-03
7.519999999999999574e+00,-7.895199999999999788e-03
7.525000000000000355e+00,-7.866200000000000275e-03
7.530000000000000249e+00,-8.418399999999999495e-03
7.535000000000000142e+00,-1.145580000000000036e-02
7.540000000000000036e+00,-1.740500000000000033e-02
7.544999999999999929e+00,-1.849980000000000027e-02
7.549999999999999822e+00,-1.345739999999999957e-02
7.554999999999999716e+00,-9.339200000000000626e-03
7.559999999999999609e+00,-9.603199999999999237e-03
7.565000000000000391e+00,-1.264020000000000074e-02
7.570000000000000284e+00,-1.626479999999999940e-02
7.575000000000000178e+00,-1.930799999999999877e-02
7.580000000000000071e+00,-2.048200000000000021e-02
7.584999999999999964e+00,-1.929080000000000031e-02
7.589999999999999858e+00,-1.622679999999999956e-02
7.594999999999999751e+00,-1.287639999999999965e-02
7.599999999999999645e+00,-1.178739999999999996e-02
7.605000000000000426e+00,-1.152120000000000054e-02
7.610000000000000320e+00,-1.259820000000000037e-02
7.615000000000000213e+00,-1.016620000000000024e-02
7.620000000000000107e+00,-7.752600000000000116e-03
7.625000000000000000e+00,-5.780000000000000415e-03
7.629999999999999893e+00,-1.757099999999999938e-03
7.634999999999999787e+00,4.738000000000000241e-04
7.639999999999999680e+00,-1.309580000000000021e-04
7.644999999999999574e+00,6.147999999999999819e-04
7.650000000000000355e+00,1.839139999999999959e-03
7.655000000000000249e+00,3.536200000000000194e-03
7.660000000000000142e+00,6.002999999999999656e-03
7.665000000000000036e+00,8.496999999999999345e-03
7.669999999999999929e+00,6.853999999999999850e-03
7.674999999999999822e+00,2.954200000000000142e-03
7.679999999999999716e+00,1.958759999999999860e-05
7.684999999999999609e+00,-2.250199999999999943e-03
7.690000000000000391e+00,-3.391799999999999937e-03
7.695000000000000284e+00,-4.662999999999999610e-03
7.700000000000000178e+00,-7.203600000000000107e-03
7.705000000000000071e+00,-9.648000000000000326e-03
7.709999999999999964e+00,-1.127779999999999928e-02
7.714999999999999858e+00,-1.509940000000000067e-02
7.719999999999999751e+00,-1.828660000000000008e-02
7.724999999999999645e+00,-1.836060000000000123e-02
7.730000000000000426e+00,-1.756220000000000003e-02
7.735000000000000320e+00,-1.767279999999999893e-02
7.740000000000000213e+00,-1.757840000000000097e-02
7.745000000000000107e+00,-1.771040000000000114e-02
7.750000000000000000e+00,-1.898479999999999959e-02
7.754999999999999893e+00,-1.906499999999999861e-02
7.759999999999999787e+00,-1.783039999999999972e-02
7.764999999999999680e+00,-1.623060000000000128e-02
7.769999999999999574e+00,-1.549799999999999962e-02
7.775000000000000355e+00,-1.639660000000000076e-02
7.780000000000000249e+00,-1.868639999999999884e-02
7.785000000000000142e+00,-1.881820000000000020e-02
7.790000000000000036e+00,-2.034400000000000097e-02
7.794999999999999929e+00,-2.144400000000000125e-02
7.799999999999999822e+00,-2.074000000000000149e-02
7.804999999999999716e+00,-1.975120000000000001e-02
7.809999999999999609e+00,-1.791699999999999890e-02
7.815000000000000391e+00,-1.333220000000000065e-02
7.820000000000000284e+00,-7.178200000000000032e-03
7.825000000000000178e+00,-2.467599999999999915e-03
7.830000000000000071e+00,-9.513399999999999548e-04
7.834999999999999964e+00,1.694600000000000099e-03
7.839999999999999858e+00,7.317200000000000266e-03
7.844999999999999751e+00,1.324520000000000038e-02
7.849999999999999645e+00,1.456739999999999945e-02
7.855000000000000426e+00,1.238640000000000053e-02
7.860000000000000320e+00,1.295179999999999942e-02
7.865000000000000213e+00,1.516439999999999975e-02
7.870000000000000107e+00,1.573420000000000027e-02
7.875000000000000000e+00,1.595080000000000109e-02
7.879999999999999893e+00,1.662160000000000026e-02
7.884999999999999787e+00,1.695659999999999876e-02
7.889999999999999680e+00,1.744619999999999851e-02
7.894999999999999574e+00,1.848380000000000162e-02
7.900000000000000355e+00,2.035199999999999856e-02
7.905000000000000249e+00,2.051000000000000045e-02
7.910000000000000142e+00,2.021200000000000080e-02
7.915000000000000036e+00,2.172200000000000172e-02
7.919999999999999929e+00,2.407600000000000018e-02
7.924999999999999822e+00,2.520000000000000018e-02
7.929999999999999716e+00,2.494000000000000036e-02
7.934999999999999609e+00,2.541600000000000109e-02
7.940000000000000391e+00,2.736799999999999997e-02
7.945000000000000284e+00,2.740400000000000127e-02
7.950000000000000178e+00,2.655799999999999828e-02
7.955000000000000071e+00,2.707199999999999884e-02
7.959999999999999964e+00,2.753200000000000092e-02
7.964999999999999858e+00,2.521800000000000083e-02
7.969999999999999751e+00,2.279399999999999829e-02
7.974999999999999645e+00,2.097600000000000159e-02
7.980000000000000426e+00,1.963180000000000133e-02
7.985000000000000320e+00,1.874040000000000081e-02
7.990000000000000213e+00,1.639540000000000095e-02
7.995000000000000107e+00,1.315720000000000084e-02
8.000000000000000000e+00,1.240759999999999953e-02
8.005000000000000782e+00,1.034640000000000039e-02
8.009999999999999787e+00,7.009600000000000379e-03
8.015000000000000568e+00,5.073600000000000158e-03
8.019999999999999574e+00,1.294079999999999970e-03
8.025000000000000355e+00,-1.862399999999999950e-03
8.029999999999999361e+00,-3.943399999999999683e-03
8.035000000000000142e+00,-9.035800000000000082e-03
8.039999999999999147e+00,-1.500240000000000080e-02
8.044999999999999929e+00,-1.744139999999999927e-02
8.050000000000000711e+00,-1.644380000000000147e-02
8.054999999999999716e+00,-1.347980000000000012e-02
8.060000000000000497e+00,-1.274680000000000084e-02
8.064999999999999503e+00,-1.458620000000000055e-02
8.070000000000000284e+00,-1.675559999999999897e-02
8.074999999999999289e+00,-1.638579999999999898e-02
8.080000000000000071e+00,-1.407659999999999988e-02
8.085000000000000853e+00,-1.255339999999999928e-02
8.089999999999999858e+00,-1.246240000000000021e-02
8.095000000000000639e+00,-1.189559999999999923e-02
8.099999999999999645e+00,-9.553600000000000633e-03
8.105000000000000426e+00,-6.706400000000000382e-03
8.109999999999999432e+00,-4.959400000000000093e-03
8.115000000000000213e+00,-3.094400000000000189e-03
8.119999999999999218e+00,-5.428199999999999562e-04
8.125000000000000000e+00,5.227800000000000329e-03
8.130000000000000782e+00,1.010600000000000040e-02
8.134999999999999787e+00,1.166979999999999927e-02
8.140000000000000568e+00,1.416479999999999996e-02
8.144999999999999574e+00,1.658300000000000052e-02
8.150000000000000355e+00,1.996759999999999854e-02
8.154999999999999361e+00,2.279799999999999882e-02
8.160000000000000142e+00,2.456399999999999903e-02
8.164999999999999147e+00,2.728600000000000123e-02
8.169999999999999929e+00,2.972800000000000095e-02
8.175000000000000711e+00,2.736999999999999850e-02
8.179999999999999716e+00,2.396799999999999972e-02
8.185000000000000497e+00,2.099799999999999930e-02
8.189999999999999503e+00,1.640820000000000126e-02
8.195000000000000284e+00,1.432980000000000018e-02
8.199999999999999289e+00,1.170820000000000020e-02
8.205000000000000071e+00,6.098199999999999801e-03
8.210000000000000853e+00,2.902000000000000066e-03
8.214999999999999858e+00,-4.013200000000000133e-05
8.220000000000000639e+00,-5.480999999999999761e-03
8.224999999999999645e+00,-1.037560000000000045e-02
8.230000000000000426e+00,-1.449819999999999928e-02
8.234999999999999432e+00,-1.890220000000000095e-02
8.240000000000000213e+00,-2.280799999999999841e-02
8.244999999999999218e+00,-2.626399999999999915e-02
8.250000000000000000e+00,-2.801000000000000018e-02
8.255000000000000782e+00,-2.836800000000000085e-02
8.259999999999999787e+00,-3.020799999999999874e-02
8.265000000000000568e+00,-3.221799999999999664e-02
8.269999999999999574e+00,-3.153199999999999753e-02
8.275000000000000355e+00,-2.906800000000000009e-02
8.279999999999999361e+00,-2.816000000000000100e-02
8.285000000000000142e+00,-2.703200000000000047e-02
8.289999999999999147e+00,-2.485800000000000162e-02
8.294999999999999929e+00,-2.260200000000000056e-02
8.300000000000000711e+00,-1.970540000000000139e-02
8.304999999999999716e+00,-1.670960000000000154e-02
8.310000000000000497e+00,-1.370240000000000000e-02
8.314999999999999503e+00,-1.089859999999999961e-02
8.320000000000000284e+00,-8.738799999999999693e-03
8.324999999999999289e+00,-6.223000000000000233e-03
8.330000000000000071e+00,-2.656200000000000054e-03
8.335000000000000853e+00,1.593019999999999896e-03
8.339999999999999858e+00,2.907199999999999975e-03
8.345000000000000639e+00,5.313000000000000014e-03
8.349999999999999645e+00,6.758600000000000024e-03
8.355000000000000426e+00,7.100200000000000088e-03
8.359999999999999432e+00,7.646799999999999604e-03
8.365000000000000213e+00,7.747999999999999679e-03
8.369999999999999218e+00,7.394399999999999758e-03
8.375000000000000000e+00,5.226800000000000196e-03
8.380000000000000782e+00,4.118799999999999718e-03
8.384999999999999787e+00,3.007199999999999804e-03
8.390000000000000568e+00,1.746820000000000057e-03
8.394999999999999574e+00,4.230999999999999843e-04
8.400000000000000355e+00,-4.281800000000000102e-04
8.404999999999999361e+00,-1.176219999999999957e-03
8.410000000000000142e+00,-9.914599999999999975e-04
8.414999999999999147e+00,1.859519999999999977e-04
8.419999999999999929e+00,-2.727799999999999734e-04
8.425000000000000711e+00,-2.964199999999999843e-05
8.429999999999999716e+00,-2.681599999999999804e-04
8.435000000000000497e+00,2.636599999999999795e-04
8.439999999999999503e+00,-2.340200000000000125e-04
8.445000000000000284e+00,-7.336600000000000196e-04
8.449999999999999289e+00,-8.607200000000000397e-04
8.455000000000000071e+00,-1.131660000000000044e-03
8.460000000000000853e+00,-1.331380000000000063e-03
8.464999999999999858e+00,-5.772999999999999920e-04
8.470000000000000639e+00,-5.172799999999999534e-04
8.474999999999999645e+00,-1.869900000000000078e-03
8.480000000000000426e+00,-1.711660000000000048e-03
8.484999999999999432e+00,1.091540000000000002e-03
8.490000000000000213e+00,3.815799999999999834e-03
8.494999999999999218e+00,3.617400000000000216e-03
8.500000000000000000e+00,2.699200000000000123e-03
8.505000000000000782e+00,2.129199999999999929e-03
8.509999999999999787e+00,4.774200000000000145e-03
8.515000000000000568e+00,6.945599999999999691e-03
8.519999999999999574e+00,7.259200000000000375e-03
8.525000000000000355e+00,7.951200000000000281e-03
8.529999999999999361e+00,1.028480000000000019e-02
8.535000000000000142e+00,9.467400000000000815e-03
8.539999999999999147e+00,5.349800000000000041e-03
8.544999999999999929e+00,5.220599999999999720e-03
8.550000000000000711e+00,8.288000000000000228e-03
8.554999999999999716e+00,1.188920000000000081e-02
8.560000000000000497e+00,1.222160000000000087e-02
8.564999999999999503e+00,9.827999999999999931e-03
8.570000000000000284e+00,9.447600000000000442e-03
8.574999999999999289e+00,1.033099999999999991e-02
8.580000000000000071e+00,9.279000000000000789e-03
8.585000000000000853e+00,5.699000000000000073e-03
8.589999999999999858e+00,1.588699999999999965e-03
8.595000000000000639e+00,-4.634600000000000113e-04
8.599999999999999645e+00,-2.989400000000000130e-03
8.605000000000000426e+00,-6.951599999999999620e-03
8.609999999999999432e+00,-1.075719999999999975e-02
8.615000000000000213e+00,-1.304800000000000057e-02
8.619999999999999218e+00,-1.488459999999999957e-02
8.625000000000000000e+00,-1.606219999999999870e-02
8.630000000000000782e+00,-1.598079999999999987e-02
8.634999999999999787e+00,-1.543120000000000082e-02
8.640000000000000568e+00,-1.540779999999999927e-02
8.644999999999999574e+00,-1.283740000000000055e-02
8.650000000000000355e+00,-8.623600000000000362e-03
8.654999999999999361e+00,-5.334400000000000426e-03
8.660000000000000142e+00,-1.794159999999999939e-03
8.664999999999999147e+00,2.275600000000000019e-03
8.669999999999999929e+00,4.190400000000000375e-03
8.675000000000000711e+00,3.078000000000000007e-03
8.679999999999999716e+00,3.158200000000000222e-04
8.685000000000000497e+00,-7.251000000000000067e-04
8.689999999999999503e+00,-4.072600000000000005e-04
8.695000000000000284e+00,1.174040000000000028e-05
8.699999999999999289e+00,1.310959999999999903e-03
8.705000000000000071e+00,1.123740000000000025e-03
8.710000000000000853e+00,2.458200000000000012e-04
8.714999999999999858e+00,1.542760000000000116e-04
8.720000000000000639e+00,1.428740000000000012e-04
8.724999999999999645e+00,1.044760000000000046e-03
8.730000000000000426e+00,1.581460000000000027e-03
8.734999999999999432e+00,7.433799999999999740e-04
8.740000000000000213e+00,-2.861600000000000168e-03
8.744999999999999218e+00,-3.897600000000000196e-03
8.750000000000000000e+00,-2.014999999999999918e-04
8.755000000000000782e+00,-1.843459999999999965e-06
8.759999999999999787e+00,-1.362359999999999960e-03
8.765000000000000568e+00,-7.650800000000000135e-04
8.769999999999999574e+00,-7.474400000000000401e-04
8.775000000000000355e+00,-3.472199999999999939e-03
8.779999999999999361e+00,-4.127999999999999725e-03
8.785000000000000142e+00,-5.533200000000000271e-03
8.789999999999999147e+00,-9.647199999999999873e-03
8.794999999999999929e+00,-1.016620000000000024e-02
8.800000000000000711e+00,-9.859200000000000255e-03
8.804999999999999716e+00,-1.179159999999999930e-02
8.810000000000000497e+00,-1.463500000000000044e-02
8.814999999999999503e+00,-1.552539999999999996e-02
8.820000000000000284e+00,-1.468940000000000003e-02
8.824999999999999289e+00,-1.359020000000000020e-02
8.830000000000000071e+00,-1.219920000000000032e-02
8.835000000000000853e+00,-9.713799999999999865e-03
8.839999999999999858e+00,-9.018200000000000521e-03
8.845000000000000639e+00,-8.047800000000000786e-03
8.849999999999999645e+00,-4.092799999999999737e-03
8.855000000000000426e+00,1.635659999999999935e-03
8.859999999999999432e+00,4.660599999999999986e-03
8.865000000000000213e+00,5.771000000000000088e-03
8.869999999999999218e+00,6.659400000000000215e-03
8.875000000000000000e+00,8.774000000000000549e-03
8.880000000000000782e+00,1.457139999999999998e-02
8.884999999999999787e+00,1.979639999999999872e-02
8.890000000000000568e+00,2.246400000000000133e-02
8.894999999999999574e+00,2.363799999999999929e-02
8.900000000000000355e+00,2.331799999999999845e-02
8.904999999999999361e+00,2.443199999999999886e-02
8.910000000000000142e+00,2.561199999999999935e-02
8.914999999999999147e+00,2.487599999999999881e-02
8.919999999999999929e+00,2.364199999999999982e-02
8.925000000000000711e+00,2.386999999999999886e-02
8.929999999999999716e+00,2.203199999999999950e-02
8.935000000000000497e+00,1.816440000000000068e-02
8.939999999999999503e+00,1.453340000000000014e-02
8.945000000000000284e+00,1.221239999999999999e-02
8.949999999999999289e+00,9.613200000000000564e-03
8.955000000000000071e+00,7.938799999999999329e-03
8.960000000000000853e+00,5.551000000000000378e-03
8.964999999999999858e+00,2.106999999999999932e-03
8.970000000000000639e+00,-8.493399999999999691e-04
8.974999999999999645e+00,-3.118999999999999811e-03
8.980000000000000426e+00,-4.172999999999999626e-03
8.984999999999999432e+00,-5.801200000000000280e-03
8.990000000000000213e+00,-9.757999999999999313e-03
8.994999999999999218e+00,-9.609400000000000580e-03
9.000000000000000000e+00,-7.249000000000000235e-03
9.005000000000000782e+00,-7.015399999999999761e-03
9.009999999999999787e+00,-8.382999999999999827e-03
9.015000000000000568e+00,-1.032459999999999975e-02
9.019999999999999574e+00,-1.149679999999999973e-02
9.025000000000000355e+00,-1.184359999999999927e-02
9.029999999999999361e+00,-1.237480000000000004e-02
9.035000000000000142e+00,-1.566959999999999881e-02
9.039999999999999147e+00,-2.108600000000000058e-02
9.044999999999999929e+00,-2.338399999999999854e-02
9.050000000000000711e+00,-1.892100000000000032e-02
9.054999999999999716e+00,-1.378940000000000027e-02
9.060000000000000497e+00,-1.280120000000000043e-02
9.064999999999999503e+00,-1.304579999999999976e-02
9.070000000000000284e+00,-1.101079999999999941e-02
9.074999999999999289e+00,-9.049599999999999658e-03
9.080000000000000071e+00,-7.792000000000000315e-03
9.085000000000000853e+00,-6.770199999999999656e-03
9.089999999999999858e+00,-5.152799999999999915e-03
9.095000000000000639e+00,-3.912200000000000226e-03
9.099999999999999645e+00,-2.090600000000000184e-03
9.105000000000000426e+00,1.852819999999999923e-04
9.109999999999999432e+00,2.608399999999999868e-03
9.115000000000000213e+00,5.545800000000000035e-03
9.119999999999999218e+00,9.410599999999999868e-03
9.125000000000000000e+00,1.154619999999999952e-02
9.130000000000000782e+00,1.287360000000000067e-02
9.134999999999999787e+00,1.328879999999999992e-02
9.140000000000000568e+00,1.577920000000000017e-02
9.144999999999999574e+00,1.963020000000000043e-02
9.150000000000000355e+00,2.144599999999999979e-02
9.154999999999999361e+00,2.102800000000000155e-02
9.160000000000000142e+00,2.068199999999999900e-02
9.164999999999999147e+00,2.276600000000000151e-02
9.169999999999999929e+00,2.421999999999999847e-02
9.175000000000000711e+00,2.311799999999999966e-02
9.179999999999999716e+00,2.135000000000000092e-02
9.185000000000000497e+00,1.940199999999999911e-02
9.189999999999999503e+00,1.685839999999999908e-02
9.195000000000000284e+00,1.440360000000000078e-02
9.199999999999999289e+00,1.159819999999999948e-02
9.205000000000000071e+00,1.126420000000000025e-02
9.210000000000000853e+00,1.144079999999999923e-02
9.214999999999999858e+00,1.022540000000000081e-02
9.220000000000000639e+00,7.767399999999999825e-03
9.224999999999999645e+00,4.908199999999999716e-03
9.230000000000000426e+00,1.649120000000000013e-03
9.234999999999999432e+00,-9.359799999999999934e-04
9.240000000000000213e+00,-2.374400000000000035e-03
9.244999999999999218e+00,-5.338200000000000410e-03
9.250000000000000000e+00,-9.458799999999999847e-03
9.255000000000000782e+00,-1.494299999999999969e-02
9.259999999999999787e+00,-1.869200000000000028e-02
9.265000000000000568e+00,-1.992120000000000002e-02
9.269999999999999574e+00,-2.137199999999999864e-02
9.275000000000000355e+00,-2.333400000000000057e-02
9.279999999999999361e+00,-2.550600000000000089e-02
9.285000000000000142e+00,-2.631400000000000058e-02
9.289999999999999147e+00,-2.461199999999999846e-02
9.294999999999999929e+00,-2.420999999999999888e-02
9.300000000000000711e+00,-2.528199999999999892e-02
9.304999999999999716e+00,-2.278399999999999870e-02
9.310000000000000497e+00,-1.761860000000000162e-02
9.314999999999999503e+00,-1.368259999999999962e-02
9.320000000000000284e+00,-1.276159999999999968e-02
9.324999999999999289e+00,-1.103119999999999969e-02
9.330000000000000071e+00,-5.756999999999999965e-03
9.335000000000000853e+00,2.273200000000000123e-04
9.339999999999999858e+00,3.346599999999999922e-03
9.345000000000000639e+00,2.773799999999999877e-03
9.349999999999999645e+00,4.317200000000000204e-03
9.355000000000000426e+00,7.850400000000000433e-03
9.359999999999999432e+00,1.047780000000000065e-02
9.365000000000000213e+00,1.111539999999999924e-02
9.369999999999999218e+00,1.119219999999999937e-02
9.375000000000000000e+00,1.233079999999999940e-02
9.380000000000000782e+00,1.348659999999999963e-02
9.384999999999999787e+00,1.255679999999999991e-02
9.390000000000000568e+00,1.046820000000000042e-02
9.394999999999999574e+00,9.638600000000000639e-03
9.400000000000000355e+00,9.049400000000000846e-03
9.404999999999999361e+00,7.218800000000000043e-03
9.410000000000000142e+00,5.095599999999999609e-03
9.414999999999999147e+00,3.812799999999999870e-03
9.419999999999999929e+00,3.060799999999999806e-03
9.425000000000000711e+00,1.206880000000000019e-03
9.429999999999999716e+00,-6.668200000000000429e-04
9.435000000000000497e+00,-1.397980000000000056e-03
9.439999999999999503e+00,-1.552559999999999921e-03
9.445000000000000284e+00,-2.137000000000000011e-03
9.449999999999999289e+00,-2.197600000000000074e-03
9.455000000000000071e+00,-1.647119999999999964e-03
9.460000000000000853e+00,-1.049259999999999993e-03
9.464999999999999858e+00,-1.291159999999999964e-03
9.470000000000000639e+00,-2.138199999999999823e-03
9.474999999999999645e+00,-1.922719999999999941e-03
9.480000000000000426e+00,-1.410919999999999969e-03
9.484999999999999432e+00,-6.869800000000000125e-04
9.490000000000000213e+00,-5.447600000000000359e-04
9.494999999999999218e+00,-1.167679999999999933e-03
9.500000000000000000e+00,-8.527800000000000311e-04
9.505000000000000782e+00,-2.430999999999999933e-05
9.509999999999999787e+00,-7.072600000000000013e-05
9.515000000000000568e+00,-4.541799999999999917e-04
9.519999999999999574e+00,-3.753799999999999737e-04
9.525000000000000355e+00,5.260999999999999943e-05
9.529999999999999361e+00,-9.401799999999999329e-05
9.535000000000000142e+00,-4.398200000000000004e-04
9.539999999999999147e+00,-1.263419999999999908e-03
9.544999999999999929e+00,-1.505199999999999941e-03
9.550000000000000711e+00,-7.537999999999999996e-04
9.554999999999999716e+00,-2.147800000000000002e-04
9.560000000000000497e+00,-4.902399999999999683e-04
9.564999999999999503e+00,-8.924000000000000075e-04
9.570000000000000284e+00,-8.081400000000000519e-04
9.574999999999999289e+00,-6.901400000000000026e-04
9.580000000000000071e+00,-7.445600000000000135e-04
9.585000000000000853e+00,-8.496999999999999996e-04
9.589999999999999858e+00,-8.474399999999999772e-04
9.595000000000000639e+00,-9.388600000000000200e-04
9.599999999999999645e+00,-9.629600000000000095e-04
9.605000000000000426e+00,-9.191400000000000394e-04
9.609999999999999432e+00,-9.979200000000000136e-04
9.615000000000000213e+00,-1.134180000000000041e-03
9.619999999999999218e+00,-1.232440000000000011e-03
9.625000000000000000e+00,-1.207399999999999966e-03
9.630000000000000782e+00,-1.112060000000000002e-03
9.634999999999999787e+00,-1.106680000000000077e-03
9.640000000000000568e+00,-1.154279999999999933e-03
9.644999999999999574e+00,-1.171640000000000051e-03
9.650000000000000355e+00,-1.066499999999999957e-03
9.654999999999999361e+00,-9.512999999999999755e-04
9.660000000000000142e+00,-8.906600000000000411e-04
9.664999999999999147e+00,-7.562200000000000475e-04
9.669999999999999929e+00,-5.560199999999999518e-04
9.675000000000000711e+00,-4.328399999999999826e-04
9.679999999999999716e+00,-4.075999999999999871e-04
9.685000000000000497e+00,-3.441200000000000053e-04
9.689999999999999503e+00,-1.611759999999999896e-04
9.695000000000000284e+00,1.243459999999999950e-05
9.699999999999999289e+00,1.256420000000000009e-04
9.705000000000000071e+00,2.023600000000000073e-04
9.710000000000000853e+00,2.922399999999999803e-04
9.714999999999999858e+00,3.902800000000000106e-04
9.720000000000000639e+00,4.633600000000000088e-04
9.724999999999999645e+00,5.169200000000000314e-04
9.730000000000000426e+00,5.442799999999999591e-04
9.734999999999999432e+00,5.559999999999999621e-04
9.740000000000000213e+00,5.631399999999999514e-04
9.744999999999999218e+00,5.668599999999999767e-04
9.750000000000000000e+00,5.564600000000000492e-04
9.755000000000000782e+00,5.339799999999999798e-04
9.759999999999999787e+00,5.123200000000000280e-04
9.765000000000000568e+00,4.876200000000000239e-04
9.769999999999999574e+00,4.621200000000000004e-04
9.775000000000000355e+00,4.376200000000000012e-04
9.779999999999999361e+00,4.098799999999999991e-04
9.785000000000000142e+00,3.794800000000000191e-04
9.789999999999999147e+00,3.519600000000000116e-04
9.794999999999999929e+00,3.277800000000000093e-04
9.800000000000000711e+00,3.051600000000000124e-04
9.804999999999999716e+00,2.828999999999999918e-04
9.810000000000000497e+00,2.616200000000000058e-04
9.814999999999999503e+00,2.422600000000000014e-04
9.820000000000000284e+00,2.246600000000000073e-04
9.824999999999999289e+00,2.081200000000000064e-04
9.830000000000000071e+00,1.924940000000000039e-04
9.835000000000000853e+00,1.778019999999999894e-04
9.839999999999999858e+00,1.639420000000000102e-04
9.845000000000000639e+00,1.507640000000000087e-04
9.849999999999999645e+00,1.381619999999999962e-04
